blue top,blue jungle,blue mid,blue adc,blue sup,red top,red jungle,red mid,red adc,red sup,match result,match id
82.0,421.0,105.0,67.0,147,10.0,245.0,203.0,18.0,412,red,NA1_4058949855
92.0,141.0,1.0,236.0,53,875.0,234.0,131.0,51.0,235,red,NA1_4055189934
39.0,245.0,157.0,51.0,43,875.0,163.0,246.0,202.0,432,red,NA1_4061325746
27.0,5.0,61.0,16.0,89,17.0,59.0,166.0,523.0,32,red,NA1_4058204122
86.0,238.0,103.0,30.0,12,266.0,104.0,203.0,115.0,98,blue,NA1_4055534948
166.0,107.0,7.0,96.0,147,223.0,28.0,234.0,67.0,350,red,NA1_4053055444
54.0,234.0,103.0,81.0,555,164.0,5.0,268.0,145.0,44,blue,NA1_4052895336
24.0,245.0,555.0,51.0,223,164.0,30.0,13.0,202.0,3,blue,NA1_4057863648
164.0,5.0,711.0,51.0,25,266.0,59.0,61.0,21.0,497,red,NA1_4059899153
92.0,56.0,7.0,15.0,80,164.0,59.0,8.0,21.0,9,blue,NA1_4055389205
39.0,421.0,246.0,96.0,117,23.0,131.0,55.0,119.0,350,blue,NA1_4060228205
240.0,76.0,711.0,51.0,53,875.0,421.0,142.0,202.0,25,red,NA1_4054330071
238.0,27.0,7.0,67.0,161,23.0,203.0,90.0,18.0,117,red,NA1_4058424015
54.0,131.0,238.0,236.0,267,82.0,11.0,103.0,67.0,37,red,NA1_4054633449
266.0,141.0,75.0,51.0,89,166.0,427.0,7.0,67.0,40,blue,NA1_4058976873
23.0,104.0,38.0,115.0,111,86.0,11.0,18.0,45.0,40,red,NA1_4050328811
122.0,68.0,62.0,202.0,37,98.0,11.0,246.0,81.0,74,red,NA1_4050702034
39.0,104.0,96.0,711.0,432,164.0,48.0,203.0,202.0,350,red,NA1_4052336158
17.0,121.0,24.0,51.0,432,777.0,30.0,68.0,157.0,12,blue,NA1_4060958599
114.0,59.0,105.0,18.0,117,164.0,64.0,7.0,96.0,412,blue,NA1_4054965371
875.0,246.0,90.0,523.0,412,266.0,421.0,85.0,236.0,32,red,NA1_4058056919
23.0,121.0,7.0,81.0,45,78.0,2.0,42.0,67.0,16,red,NA1_4053206631
54.0,11.0,517.0,81.0,526,92.0,59.0,127.0,67.0,117,blue,NA1_4057325661
54.0,104.0,246.0,236.0,517,164.0,121.0,711.0,133.0,32,red,NA1_4054564537
54.0,234.0,112.0,81.0,235,266.0,79.0,246.0,147.0,37,red,NA1_4053886449
517.0,91.0,84.0,498.0,25,166.0,120.0,69.0,203.0,412,red,NA1_4058609543
24.0,141.0,517.0,51.0,89,777.0,72.0,104.0,21.0,201,red,NA1_4060726055
85.0,5.0,64.0,115.0,111,92.0,131.0,1.0,51.0,3,blue,NA1_4060690655
517.0,20.0,23.0,236.0,267,875.0,163.0,518.0,29.0,497,blue,NA1_4061054279
82.0,59.0,142.0,22.0,111,126.0,5.0,517.0,498.0,32,blue,NA1_4057824825
17.0,517.0,246.0,51.0,16,31.0,104.0,238.0,498.0,497,red,NA1_4055102531
104.0,64.0,268.0,360.0,111,119.0,421.0,105.0,15.0,201,red,NA1_4059897951
43.0,106.0,105.0,51.0,89,82.0,35.0,34.0,202.0,267,red,NA1_4057423999
517.0,120.0,203.0,236.0,350,78.0,91.0,245.0,67.0,98,blue,NA1_4054636187
875.0,238.0,13.0,145.0,111,157.0,245.0,131.0,222.0,526,red,NA1_4060198162
62.0,9.0,157.0,236.0,497,164.0,104.0,103.0,21.0,163,red,NA1_4060199281
23.0,163.0,80.0,67.0,412,234.0,107.0,8.0,15.0,37,red,NA1_4061351732
39.0,2.0,67.0,22.0,143,875.0,20.0,3.0,119.0,43,red,NA1_4058279033
23.0,48.0,711.0,236.0,875,85.0,238.0,38.0,21.0,432,red,NA1_4055356540
24.0,245.0,166.0,498.0,497,8.0,163.0,39.0,523.0,40,red,NA1_4053846185
777.0,64.0,4.0,119.0,111,133.0,5.0,1.0,18.0,412,red,NA1_4060545663
62.0,32.0,157.0,134.0,89,24.0,60.0,517.0,67.0,111,blue,NA1_4053852524
887.0,104.0,75.0,236.0,25,24.0,60.0,238.0,119.0,16,red,NA1_4060117664
122.0,163.0,777.0,203.0,412,54.0,104.0,238.0,498.0,497,blue,NA1_4058840025
150.0,427.0,39.0,202.0,32,875.0,876.0,166.0,236.0,267,blue,NA1_4061232857
114.0,64.0,777.0,147.0,34,875.0,28.0,711.0,202.0,53,red,NA1_4056214386
150.0,120.0,245.0,202.0,350,266.0,28.0,246.0,21.0,32,blue,NA1_4054983594
82.0,203.0,161.0,236.0,267,62.0,59.0,55.0,202.0,37,red,NA1_4060984122
122.0,245.0,14.0,119.0,16,164.0,104.0,517.0,236.0,111,red,NA1_4057453734
91.0,76.0,246.0,202.0,711,62.0,48.0,38.0,110.0,432,blue,NA1_4051033427
223.0,141.0,711.0,51.0,875,80.0,131.0,61.0,96.0,16,blue,NA1_4051233447
62.0,64.0,234.0,51.0,25,150.0,20.0,711.0,81.0,555,red,NA1_4057238821
164.0,68.0,3.0,29.0,117,58.0,104.0,42.0,157.0,37,blue,NA1_4055982440
14.0,245.0,84.0,15.0,43,126.0,91.0,55.0,29.0,12,blue,NA1_4052827419
85.0,59.0,91.0,29.0,34,14.0,203.0,10.0,18.0,267,red,NA1_4053645437
518.0,59.0,238.0,236.0,267,41.0,64.0,1.0,81.0,45,red,NA1_4057197641
86.0,163.0,27.0,119.0,147,85.0,59.0,238.0,236.0,89,blue,NA1_4054723536
84.0,64.0,711.0,236.0,201,777.0,245.0,142.0,21.0,432,red,NA1_4050565379
6.0,104.0,34.0,67.0,89,516.0,76.0,61.0,51.0,53,blue,NA1_4057479759
54.0,245.0,157.0,110.0,89,27.0,104.0,7.0,81.0,350,red,NA1_4050627502
98.0,876.0,39.0,523.0,432,92.0,104.0,517.0,81.0,40,blue,NA1_4055606514
92.0,102.0,711.0,236.0,432,68.0,121.0,3.0,21.0,412,red,NA1_4052328642
107.0,154.0,90.0,202.0,32,14.0,20.0,777.0,147.0,37,red,NA1_4050715469
74.0,238.0,246.0,29.0,16,777.0,76.0,711.0,222.0,57,blue,NA1_4053039638
54.0,121.0,3.0,235.0,111,31.0,104.0,517.0,202.0,161,red,NA1_4052771603
39.0,64.0,61.0,22.0,37,68.0,59.0,3.0,222.0,117,red,NA1_4055017986
164.0,876.0,238.0,22.0,143,234.0,131.0,518.0,202.0,412,red,NA1_4055553941
58.0,154.0,517.0,67.0,111,875.0,245.0,7.0,523.0,412,red,NA1_4056016128
39.0,64.0,134.0,51.0,99,126.0,59.0,112.0,81.0,48,blue,NA1_4056543829
164.0,64.0,69.0,147.0,16,85.0,30.0,166.0,21.0,32,blue,NA1_4055460264
98.0,91.0,245.0,51.0,103,266.0,76.0,64.0,202.0,555,blue,NA1_4059193522
62.0,104.0,517.0,360.0,32,164.0,2.0,67.0,74.0,235,blue,NA1_4057828697
85.0,64.0,103.0,21.0,43,80.0,59.0,7.0,236.0,40,blue,NA1_4059558424
266.0,91.0,517.0,115.0,26,875.0,234.0,711.0,51.0,37,blue,NA1_4060888188
236.0,56.0,68.0,67.0,32,41.0,254.0,20.0,21.0,497,blue,NA1_4054579807
58.0,44.0,105.0,119.0,12,27.0,421.0,91.0,523.0,80,red,NA1_4059200195
42.0,91.0,68.0,51.0,37,85.0,141.0,711.0,202.0,12,blue,NA1_4055854987
114.0,876.0,157.0,145.0,111,164.0,28.0,246.0,360.0,497,blue,NA1_4052786778
31.0,56.0,142.0,67.0,117,39.0,246.0,55.0,202.0,432,blue,NA1_4060000342
114.0,245.0,142.0,157.0,16,58.0,79.0,96.0,202.0,201,red,NA1_4055671196
164.0,245.0,157.0,145.0,432,86.0,2.0,55.0,236.0,32,blue,NA1_4053820178
114.0,120.0,112.0,18.0,555,6.0,64.0,31.0,21.0,497,blue,NA1_4055224763
14.0,154.0,85.0,21.0,16,516.0,32.0,13.0,145.0,43,blue,NA1_4056022742
516.0,59.0,61.0,21.0,53,126.0,5.0,55.0,202.0,43,red,NA1_4050585581
875.0,104.0,238.0,236.0,101,39.0,245.0,85.0,523.0,412,blue,NA1_4052882638
82.0,107.0,18.0,360.0,555,85.0,141.0,91.0,498.0,497,blue,NA1_4057299672
777.0,104.0,245.0,119.0,89,875.0,59.0,142.0,21.0,12,blue,NA1_4055239723
62.0,121.0,84.0,236.0,161,164.0,107.0,147.0,51.0,412,red,NA1_4054302894
122.0,238.0,69.0,145.0,555,23.0,234.0,13.0,51.0,89,red,NA1_4053003538
6.0,121.0,55.0,110.0,16,164.0,104.0,711.0,21.0,517,red,NA1_4058025742
875.0,64.0,84.0,81.0,497,164.0,121.0,90.0,119.0,111,red,NA1_4055915619
164.0,76.0,39.0,236.0,111,24.0,104.0,245.0,21.0,16,blue,NA1_4059184294
92.0,30.0,62.0,236.0,89,56.0,120.0,85.0,21.0,43,red,NA1_4060659463
875.0,64.0,96.0,119.0,117,266.0,5.0,84.0,67.0,40,blue,NA1_4054348314
24.0,245.0,39.0,67.0,111,79.0,154.0,246.0,119.0,3,red,NA1_4057786263
10.0,76.0,23.0,22.0,37,8.0,203.0,18.0,523.0,117,red,NA1_4056251843
517.0,56.0,238.0,115.0,32,516.0,77.0,127.0,119.0,89,blue,NA1_4055432422
234.0,64.0,63.0,236.0,267,114.0,141.0,4.0,429.0,412,blue,NA1_4058788694
266.0,59.0,101.0,29.0,117,234.0,102.0,42.0,202.0,53,blue,NA1_4053679948
126.0,246.0,103.0,119.0,57,8.0,78.0,777.0,115.0,43,blue,NA1_4055062182
142.0,59.0,38.0,202.0,89,62.0,28.0,7.0,22.0,32,red,NA1_4057795845
234.0,107.0,517.0,222.0,412,164.0,876.0,777.0,360.0,32,red,NA1_4056001602
92.0,246.0,54.0,523.0,117,114.0,163.0,238.0,81.0,37,red,NA1_4059919254
420.0,141.0,17.0,119.0,80,517.0,121.0,166.0,115.0,555,blue,NA1_4050334763
266.0,104.0,42.0,202.0,40,876.0,121.0,136.0,16.0,37,blue,NA1_4052207572
23.0,421.0,68.0,157.0,16,711.0,427.0,42.0,81.0,54,blue,NA1_4052622212
266.0,246.0,245.0,236.0,350,8.0,120.0,157.0,81.0,711,red,NA1_4055841658
13.0,59.0,166.0,202.0,43,36.0,245.0,84.0,18.0,12,red,NA1_4051932963
17.0,246.0,105.0,110.0,555,10.0,5.0,18.0,54.0,235,red,NA1_4051428570
164.0,82.0,63.0,360.0,111,10.0,120.0,518.0,51.0,350,red,NA1_4056527506
122.0,59.0,157.0,30.0,235,69.0,121.0,13.0,81.0,143,blue,NA1_4056796787
67.0,163.0,64.0,711.0,32,17.0,5.0,45.0,81.0,37,blue,NA1_4057230052
126.0,30.0,711.0,236.0,267,92.0,163.0,157.0,21.0,32,red,NA1_4054125203
266.0,64.0,143.0,236.0,517,75.0,59.0,84.0,51.0,32,blue,NA1_4052882854
41.0,238.0,134.0,81.0,497,122.0,245.0,711.0,50.0,25,blue,NA1_4051880778
39.0,245.0,157.0,145.0,111,84.0,91.0,126.0,51.0,147,red,NA1_4056780316
24.0,104.0,112.0,51.0,432,164.0,76.0,777.0,119.0,32,red,NA1_4059104998
876.0,121.0,245.0,236.0,267,240.0,64.0,104.0,21.0,432,red,NA1_4059087199
85.0,246.0,68.0,51.0,32,114.0,91.0,3.0,21.0,43,blue,NA1_4052679911
8.0,91.0,236.0,67.0,350,164.0,2.0,3.0,29.0,99,blue,NA1_4060716307
240.0,427.0,246.0,50.0,432,92.0,238.0,75.0,115.0,32,blue,NA1_4059440718
10.0,421.0,157.0,81.0,53,114.0,131.0,777.0,67.0,40,blue,NA1_4058612589
122.0,59.0,777.0,147.0,432,266.0,141.0,38.0,498.0,111,blue,NA1_4059938378
107.0,5.0,42.0,21.0,517,23.0,91.0,74.0,236.0,32,blue,NA1_4057502611
887.0,245.0,236.0,119.0,40,85.0,203.0,26.0,202.0,267,red,NA1_4054974282
266.0,30.0,103.0,29.0,25,98.0,163.0,20.0,81.0,43,red,NA1_4060396623
80.0,104.0,711.0,110.0,26,54.0,203.0,142.0,145.0,350,blue,NA1_4053165666
17.0,234.0,711.0,21.0,89,223.0,76.0,8.0,51.0,40,blue,NA1_4054889535
92.0,141.0,4.0,115.0,16,266.0,9.0,104.0,51.0,25,red,NA1_4054943674
126.0,2.0,3.0,81.0,432,887.0,141.0,166.0,51.0,16,blue,NA1_4056721318
92.0,876.0,238.0,147.0,43,78.0,104.0,7.0,21.0,497,blue,NA1_4058979000
10.0,120.0,238.0,498.0,63,887.0,203.0,54.0,157.0,26,red,NA1_4060291033
266.0,121.0,711.0,67.0,526,875.0,30.0,7.0,15.0,98,red,NA1_4057322015
92.0,245.0,126.0,157.0,12,75.0,131.0,517.0,498.0,111,blue,NA1_4052538692
117.0,141.0,85.0,21.0,25,39.0,91.0,127.0,523.0,3,blue,NA1_4058120817
164.0,56.0,42.0,236.0,89,23.0,121.0,131.0,498.0,497,red,NA1_4057380297
126.0,163.0,238.0,51.0,99,875.0,141.0,34.0,222.0,117,red,NA1_4050638401
266.0,77.0,18.0,145.0,98,875.0,2.0,1.0,81.0,432,blue,NA1_4053954304
68.0,64.0,103.0,236.0,201,10.0,91.0,55.0,498.0,53,red,NA1_4057387870
39.0,76.0,7.0,21.0,555,6.0,30.0,238.0,236.0,201,red,NA1_4056675409
98.0,163.0,55.0,15.0,412,24.0,28.0,238.0,67.0,53,blue,NA1_4061110382
90.0,76.0,777.0,18.0,12,107.0,246.0,711.0,21.0,432,red,NA1_4050926750
17.0,30.0,238.0,119.0,37,62.0,120.0,711.0,18.0,53,blue,NA1_4057516363
62.0,59.0,157.0,236.0,32,85.0,64.0,711.0,81.0,16,blue,NA1_4054770028
157.0,77.0,68.0,222.0,267,777.0,121.0,7.0,236.0,117,red,NA1_4059606670
24.0,120.0,8.0,81.0,350,58.0,113.0,105.0,67.0,497,blue,NA1_4056527094
85.0,141.0,166.0,21.0,12,39.0,163.0,117.0,145.0,154,blue,NA1_4060661476
164.0,64.0,3.0,145.0,350,98.0,59.0,69.0,360.0,235,blue,NA1_4058516689
39.0,131.0,62.0,236.0,89,164.0,20.0,517.0,29.0,412,red,NA1_4058019462
875.0,246.0,112.0,236.0,37,266.0,64.0,711.0,203.0,497,red,NA1_4055012367
114.0,35.0,245.0,119.0,497,876.0,64.0,92.0,202.0,25,blue,NA1_4051366892
164.0,246.0,134.0,711.0,32,24.0,59.0,517.0,21.0,412,red,NA1_4053423654
80.0,56.0,61.0,51.0,235,164.0,20.0,166.0,21.0,40,red,NA1_4053351372
30.0,121.0,4.0,222.0,32,39.0,91.0,7.0,51.0,267,blue,NA1_4060594407
223.0,64.0,711.0,145.0,201,14.0,104.0,238.0,74.0,53,red,NA1_4054796453
59.0,121.0,157.0,145.0,53,150.0,28.0,238.0,81.0,37,red,NA1_4056240463
266.0,78.0,104.0,236.0,63,17.0,5.0,245.0,498.0,32,blue,NA1_4051359824
23.0,76.0,238.0,523.0,53,43.0,107.0,1.0,15.0,80,blue,NA1_4060371110
39.0,876.0,157.0,115.0,37,27.0,104.0,711.0,236.0,32,blue,NA1_4058091569
92.0,245.0,246.0,21.0,26,114.0,254.0,43.0,18.0,497,blue,NA1_4056787265
24.0,59.0,161.0,22.0,40,92.0,32.0,13.0,67.0,43,red,NA1_4051356014
59.0,104.0,1.0,236.0,32,17.0,60.0,777.0,523.0,26,blue,NA1_4056325917
24.0,234.0,96.0,15.0,3,42.0,30.0,166.0,81.0,32,red,NA1_4052504054
126.0,245.0,8.0,202.0,12,6.0,104.0,69.0,81.0,350,red,NA1_4053549168
54.0,102.0,10.0,202.0,12,875.0,107.0,142.0,81.0,497,red,NA1_4053686759
98.0,20.0,23.0,22.0,497,164.0,104.0,875.0,236.0,12,red,NA1_4060816437
92.0,107.0,7.0,67.0,53,266.0,59.0,238.0,115.0,101,red,NA1_4051829035
54.0,20.0,777.0,81.0,45,114.0,91.0,103.0,145.0,412,red,NA1_4053021279
164.0,79.0,157.0,67.0,37,166.0,59.0,134.0,18.0,432,blue,NA1_4051900485
82.0,104.0,126.0,202.0,245,516.0,91.0,105.0,119.0,12,red,NA1_4056159048
54.0,79.0,157.0,51.0,40,23.0,121.0,517.0,81.0,412,blue,NA1_4053492094
54.0,238.0,34.0,523.0,412,777.0,876.0,91.0,67.0,432,red,NA1_4052750721
36.0,59.0,517.0,81.0,37,266.0,30.0,238.0,145.0,235,red,NA1_4060162084
875.0,59.0,131.0,51.0,89,54.0,246.0,20.0,29.0,117,blue,NA1_4053663179
777.0,203.0,711.0,360.0,32,24.0,59.0,42.0,21.0,350,red,NA1_4057808601
875.0,104.0,517.0,711.0,43,23.0,30.0,166.0,18.0,26,red,NA1_4058219806
62.0,28.0,777.0,236.0,43,79.0,141.0,7.0,67.0,40,blue,NA1_4059469706
122.0,82.0,42.0,498.0,37,92.0,238.0,7.0,30.0,16,red,NA1_4052084173
122.0,238.0,84.0,67.0,26,39.0,121.0,38.0,51.0,201,red,NA1_4057238688
114.0,2.0,240.0,236.0,350,79.0,5.0,517.0,29.0,117,red,NA1_4055936797
24.0,246.0,711.0,236.0,267,41.0,254.0,134.0,498.0,3,blue,NA1_4057503377
875.0,64.0,99.0,523.0,44,150.0,234.0,127.0,18.0,32,red,NA1_4059570398
6.0,20.0,238.0,112.0,350,62.0,56.0,89.0,711.0,80,blue,NA1_4052950692
58.0,245.0,1.0,21.0,32,72.0,20.0,517.0,236.0,350,blue,NA1_4055310964
517.0,876.0,777.0,202.0,555,23.0,154.0,105.0,236.0,111,blue,NA1_4058107225
98.0,104.0,3.0,147.0,37,240.0,777.0,55.0,145.0,350,blue,NA1_4053230955
887.0,154.0,166.0,236.0,32,875.0,121.0,104.0,711.0,50,red,NA1_4058067016
43.0,234.0,103.0,29.0,555,24.0,163.0,84.0,81.0,235,blue,NA1_4055991158
6.0,163.0,166.0,81.0,350,142.0,91.0,157.0,222.0,37,red,NA1_4054776483
164.0,64.0,142.0,21.0,111,875.0,154.0,96.0,81.0,37,blue,NA1_4054328459
41.0,30.0,23.0,81.0,16,54.0,163.0,777.0,119.0,161,blue,NA1_4059487559
85.0,91.0,3.0,360.0,412,240.0,131.0,112.0,236.0,235,red,NA1_4056701819
78.0,28.0,777.0,51.0,201,54.0,245.0,23.0,21.0,111,red,NA1_4058557811
62.0,203.0,55.0,119.0,12,875.0,104.0,127.0,21.0,48,blue,NA1_4057597756
54.0,107.0,268.0,21.0,16,164.0,11.0,61.0,81.0,432,blue,NA1_4057678455
122.0,5.0,34.0,202.0,63,64.0,245.0,23.0,22.0,143,red,NA1_4057861308
82.0,245.0,142.0,236.0,350,85.0,91.0,26.0,21.0,89,red,NA1_4053245274
240.0,421.0,61.0,81.0,16,23.0,32.0,103.0,51.0,432,blue,NA1_4052525521
39.0,64.0,238.0,51.0,74,164.0,245.0,80.0,523.0,53,red,NA1_4059022237
164.0,64.0,39.0,30.0,16,85.0,203.0,134.0,145.0,154,red,NA1_4061150123
17.0,59.0,34.0,202.0,32,6.0,120.0,518.0,81.0,163,red,NA1_4053036771
164.0,245.0,105.0,498.0,497,98.0,421.0,84.0,21.0,37,red,NA1_4059919488
34.0,238.0,24.0,236.0,43,85.0,876.0,875.0,67.0,117,red,NA1_4059454646
240.0,76.0,3.0,51.0,43,54.0,102.0,161.0,523.0,32,blue,NA1_4050253329
114.0,5.0,711.0,18.0,16,875.0,104.0,518.0,67.0,89,red,NA1_4050537791
82.0,91.0,3.0,119.0,497,266.0,59.0,55.0,202.0,43,red,NA1_4051602230
150.0,121.0,517.0,236.0,267,85.0,234.0,246.0,51.0,555,red,NA1_4056606173
39.0,154.0,4.0,119.0,526,92.0,64.0,142.0,145.0,26,blue,NA1_4059012162
164.0,56.0,777.0,81.0,147,516.0,121.0,7.0,18.0,412,red,NA1_4060325495
24.0,104.0,55.0,145.0,526,39.0,246.0,131.0,67.0,37,blue,NA1_4057339223
92.0,102.0,7.0,236.0,267,39.0,30.0,18.0,145.0,32,blue,NA1_4056603995
24.0,20.0,45.0,202.0,143,875.0,121.0,3.0,119.0,350,blue,NA1_4060241104
39.0,121.0,3.0,498.0,711,240.0,163.0,254.0,234.0,555,red,NA1_4055599182
1.0,35.0,105.0,222.0,267,85.0,203.0,157.0,119.0,16,blue,NA1_4060096006
114.0,245.0,246.0,81.0,53,42.0,104.0,517.0,67.0,57,blue,NA1_4051960465
27.0,5.0,61.0,110.0,235,114.0,254.0,238.0,21.0,32,red,NA1_4053700352
223.0,246.0,91.0,202.0,412,114.0,35.0,142.0,81.0,201,red,NA1_4059128489
122.0,64.0,112.0,21.0,412,92.0,5.0,55.0,119.0,16,red,NA1_4060540573
92.0,76.0,103.0,429.0,53,68.0,141.0,711.0,222.0,350,blue,NA1_4058283284
164.0,121.0,13.0,18.0,555,875.0,876.0,23.0,236.0,26,blue,NA1_4050551843
266.0,32.0,41.0,202.0,40,164.0,91.0,517.0,115.0,48,red,NA1_4053186703
6.0,9.0,777.0,236.0,201,36.0,876.0,3.0,21.0,32,red,NA1_4054969456
875.0,91.0,69.0,236.0,267,54.0,876.0,777.0,202.0,63,blue,NA1_4061206353
80.0,64.0,105.0,222.0,412,266.0,876.0,131.0,202.0,432,blue,NA1_4053104126
164.0,121.0,3.0,21.0,16,92.0,30.0,39.0,145.0,53,red,NA1_4058095773
164.0,28.0,711.0,360.0,111,39.0,876.0,238.0,51.0,26,blue,NA1_4052844364
164.0,56.0,34.0,51.0,555,41.0,59.0,10.0,67.0,12,red,NA1_4054689151
876.0,246.0,1.0,202.0,40,164.0,20.0,711.0,29.0,25,red,NA1_4050893167
23.0,104.0,69.0,51.0,16,157.0,64.0,711.0,22.0,32,red,NA1_4060183249
6.0,246.0,79.0,236.0,32,266.0,203.0,134.0,18.0,16,blue,NA1_4054932561
266.0,2.0,238.0,134.0,37,39.0,9.0,105.0,81.0,3,blue,NA1_4056644046
92.0,120.0,10.0,222.0,161,24.0,35.0,68.0,360.0,111,red,NA1_4052649910
24.0,9.0,246.0,21.0,143,266.0,104.0,55.0,18.0,16,blue,NA1_4059561678
122.0,203.0,105.0,15.0,267,98.0,163.0,84.0,21.0,63,red,NA1_4058150516
24.0,64.0,27.0,115.0,412,59.0,30.0,131.0,81.0,201,blue,NA1_4060719689
85.0,2.0,777.0,30.0,3,24.0,876.0,23.0,50.0,89,blue,NA1_4060692836
31.0,234.0,103.0,21.0,412,516.0,238.0,96.0,22.0,555,red,NA1_4051052793
59.0,120.0,245.0,51.0,37,41.0,203.0,103.0,21.0,43,blue,NA1_4060554269
39.0,28.0,64.0,523.0,16,875.0,234.0,127.0,236.0,497,blue,NA1_4052753707
57.0,121.0,711.0,81.0,40,23.0,64.0,112.0,21.0,45,blue,NA1_4060713319
17.0,120.0,166.0,30.0,53,875.0,28.0,8.0,50.0,89,blue,NA1_4061227199
114.0,64.0,711.0,81.0,163,82.0,141.0,238.0,145.0,555,blue,NA1_4054907629
98.0,104.0,245.0,119.0,111,17.0,421.0,92.0,166.0,117,red,NA1_4052289630
86.0,5.0,69.0,53.0,203,80.0,11.0,13.0,22.0,16,blue,NA1_4057930175
92.0,35.0,101.0,119.0,40,42.0,59.0,711.0,21.0,32,blue,NA1_4059365555
126.0,30.0,20.0,236.0,432,6.0,64.0,711.0,202.0,43,red,NA1_4061319079
41.0,203.0,39.0,134.0,85,92.0,76.0,80.0,67.0,117,red,NA1_4051336444
75.0,876.0,203.0,51.0,53,875.0,234.0,13.0,523.0,412,blue,NA1_4059468285
27.0,79.0,157.0,202.0,147,92.0,876.0,62.0,236.0,26,blue,NA1_4055718078
875.0,141.0,38.0,42.0,163,31.0,64.0,238.0,222.0,43,red,NA1_4055522364
516.0,141.0,99.0,15.0,16,164.0,876.0,3.0,81.0,37,blue,NA1_4054673414
92.0,154.0,17.0,15.0,117,266.0,30.0,711.0,81.0,32,blue,NA1_4059452627
875.0,120.0,161.0,21.0,111,79.0,203.0,101.0,119.0,412,red,NA1_4057845314
875.0,104.0,55.0,51.0,267,98.0,59.0,7.0,236.0,147,blue,NA1_4053818342
6.0,59.0,134.0,18.0,147,164.0,427.0,101.0,236.0,432,red,NA1_4055287366
86.0,427.0,777.0,67.0,350,24.0,20.0,875.0,145.0,53,red,NA1_4057135953
84.0,427.0,62.0,236.0,53,114.0,876.0,246.0,119.0,497,red,NA1_4059606625
92.0,421.0,134.0,67.0,555,164.0,121.0,69.0,523.0,267,red,NA1_4059043117
23.0,107.0,30.0,145.0,43,164.0,234.0,238.0,498.0,143,red,NA1_4060902501
31.0,131.0,777.0,21.0,32,141.0,98.0,517.0,119.0,143,red,NA1_4054409575
10.0,104.0,240.0,21.0,32,39.0,30.0,23.0,18.0,63,blue,NA1_4056598702
54.0,5.0,166.0,50.0,32,113.0,11.0,69.0,236.0,25,red,NA1_4060997783
34.0,141.0,238.0,67.0,201,777.0,64.0,517.0,360.0,111,blue,NA1_4050514316
240.0,876.0,3.0,236.0,235,92.0,203.0,55.0,81.0,43,red,NA1_4052646819
164.0,76.0,131.0,21.0,412,6.0,5.0,517.0,222.0,26,blue,NA1_4051230611
31.0,141.0,711.0,81.0,117,85.0,121.0,238.0,96.0,111,red,NA1_4052196076
98.0,246.0,517.0,81.0,267,875.0,245.0,777.0,523.0,412,blue,NA1_4052626833
777.0,64.0,875.0,22.0,89,150.0,203.0,7.0,67.0,32,blue,NA1_4055980913
875.0,9.0,166.0,18.0,89,98.0,154.0,711.0,119.0,99,red,NA1_4058705421
126.0,163.0,254.0,555.0,111,23.0,245.0,246.0,81.0,432,blue,NA1_4059574896
24.0,64.0,42.0,202.0,101,92.0,163.0,23.0,81.0,711,red,NA1_4056267645
114.0,163.0,157.0,202.0,25,104.0,36.0,54.0,21.0,63,red,NA1_4050406958
85.0,59.0,246.0,51.0,412,92.0,245.0,45.0,222.0,89,red,NA1_4056055835
875.0,44.0,245.0,51.0,63,777.0,64.0,711.0,145.0,32,blue,NA1_4061044593
41.0,104.0,115.0,222.0,497,86.0,238.0,42.0,360.0,111,red,NA1_4051885055
17.0,2.0,517.0,15.0,43,8.0,238.0,142.0,119.0,32,blue,NA1_4056178513
126.0,121.0,711.0,236.0,432,875.0,876.0,91.0,15.0,350,blue,NA1_4058502867
14.0,121.0,517.0,37.0,147,268.0,246.0,516.0,110.0,89,blue,NA1_4050926917
516.0,131.0,157.0,81.0,32,24.0,421.0,777.0,69.0,53,red,NA1_4050607360
62.0,60.0,238.0,119.0,497,23.0,427.0,69.0,523.0,412,red,NA1_4059504494
43.0,107.0,777.0,81.0,163,67.0,59.0,55.0,21.0,53,blue,NA1_4060067535
266.0,104.0,90.0,21.0,711,164.0,9.0,80.0,119.0,497,blue,NA1_4057827857
62.0,141.0,80.0,101.0,267,39.0,427.0,3.0,18.0,40,blue,NA1_4051990340
41.0,59.0,8.0,145.0,412,266.0,79.0,69.0,21.0,37,blue,NA1_4055166943
78.0,59.0,112.0,236.0,53,68.0,421.0,103.0,145.0,101,red,NA1_4061194938
875.0,120.0,96.0,18.0,147,68.0,121.0,104.0,119.0,350,red,NA1_4051199995
122.0,234.0,38.0,518.0,43,23.0,48.0,238.0,134.0,37,blue,NA1_4058499258
17.0,64.0,517.0,51.0,99,39.0,78.0,245.0,235.0,497,red,NA1_4061289369
82.0,141.0,14.0,81.0,350,6.0,9.0,105.0,18.0,53,red,NA1_4050972549
82.0,131.0,238.0,145.0,432,516.0,154.0,157.0,236.0,111,blue,NA1_4053868612
876.0,2.0,103.0,236.0,350,875.0,91.0,7.0,21.0,48,red,NA1_4056278767
114.0,245.0,63.0,81.0,16,133.0,234.0,42.0,29.0,40,red,NA1_4055887858
875.0,60.0,55.0,236.0,350,24.0,35.0,7.0,21.0,43,red,NA1_4053104897
122.0,2.0,3.0,67.0,32,114.0,154.0,104.0,145.0,48,red,NA1_4052651528
114.0,44.0,38.0,67.0,117,24.0,427.0,777.0,523.0,43,red,NA1_4050842499
59.0,876.0,45.0,236.0,350,16.0,120.0,61.0,360.0,555,blue,NA1_4050420997
78.0,245.0,39.0,18.0,350,24.0,28.0,711.0,51.0,25,blue,NA1_4054334095
516.0,64.0,42.0,50.0,143,69.0,5.0,91.0,37.0,16,red,NA1_4052901180
24.0,104.0,61.0,29.0,43,17.0,121.0,69.0,222.0,350,red,NA1_4052787201
59.0,876.0,777.0,29.0,350,82.0,421.0,103.0,119.0,267,red,NA1_4058614871
234.0,254.0,3.0,119.0,89,164.0,30.0,246.0,202.0,350,blue,NA1_4057295095
39.0,120.0,517.0,523.0,412,266.0,421.0,7.0,21.0,26,blue,NA1_4052857259
164.0,141.0,131.0,157.0,350,777.0,91.0,105.0,498.0,117,blue,NA1_4059900462
164.0,68.0,84.0,119.0,32,24.0,64.0,13.0,18.0,875,blue,NA1_4055913862
78.0,91.0,38.0,81.0,412,75.0,20.0,517.0,119.0,32,blue,NA1_4053525829
266.0,238.0,245.0,29.0,350,127.0,154.0,777.0,21.0,235,blue,NA1_4057509997
875.0,9.0,3.0,236.0,267,114.0,876.0,39.0,45.0,16,red,NA1_4054996239
875.0,104.0,55.0,30.0,143,777.0,163.0,80.0,202.0,43,blue,NA1_4058748042
166.0,245.0,90.0,145.0,201,777.0,238.0,711.0,51.0,12,red,NA1_4059176234
875.0,141.0,711.0,16.0,235,107.0,5.0,1.0,147.0,37,red,NA1_4061111001
58.0,60.0,245.0,236.0,267,98.0,20.0,166.0,202.0,555,blue,NA1_4055628322
78.0,64.0,166.0,69.0,350,266.0,245.0,62.0,202.0,432,red,NA1_4058654933
92.0,79.0,711.0,157.0,26,82.0,64.0,13.0,81.0,37,red,NA1_4051122416
875.0,131.0,777.0,235.0,267,114.0,91.0,268.0,523.0,43,blue,NA1_4053788748
516.0,141.0,246.0,18.0,111,887.0,102.0,55.0,360.0,44,blue,NA1_4050492647
86.0,28.0,777.0,51.0,143,876.0,203.0,238.0,119.0,117,red,NA1_4053263123
126.0,238.0,142.0,21.0,412,114.0,64.0,163.0,50.0,497,red,NA1_4052387708
17.0,141.0,85.0,523.0,412,157.0,163.0,711.0,119.0,12,blue,NA1_4056328331
122.0,234.0,69.0,202.0,143,10.0,60.0,23.0,81.0,350,red,NA1_4056296766
6.0,76.0,104.0,22.0,63,79.0,35.0,711.0,236.0,161,red,NA1_4059498728
266.0,104.0,84.0,81.0,147,203.0,245.0,166.0,67.0,711,blue,NA1_4056239527
17.0,234.0,246.0,145.0,526,84.0,64.0,134.0,119.0,32,blue,NA1_4055559006
78.0,5.0,517.0,147.0,12,876.0,104.0,777.0,145.0,111,blue,NA1_4052854545
122.0,76.0,3.0,119.0,412,164.0,245.0,777.0,15.0,350,red,NA1_4052908274
266.0,76.0,75.0,67.0,350,150.0,203.0,245.0,51.0,12,blue,NA1_4055125004
17.0,60.0,91.0,29.0,32,85.0,59.0,112.0,236.0,497,red,NA1_4050692659
106.0,203.0,166.0,67.0,37,78.0,245.0,91.0,523.0,111,red,NA1_4056729739
82.0,91.0,777.0,235.0,12,78.0,20.0,62.0,81.0,63,blue,NA1_4053732503
6.0,245.0,246.0,81.0,40,62.0,107.0,61.0,498.0,497,red,NA1_4052634986
875.0,154.0,42.0,523.0,711,164.0,427.0,38.0,157.0,163,blue,NA1_4056717455
67.0,246.0,75.0,498.0,497,777.0,234.0,518.0,360.0,12,blue,NA1_4050282129
516.0,59.0,711.0,523.0,111,150.0,421.0,13.0,45.0,350,blue,NA1_4053377858
516.0,5.0,127.0,236.0,45,164.0,163.0,38.0,21.0,555,red,NA1_4057938335
164.0,254.0,25.0,18.0,201,24.0,64.0,711.0,236.0,89,red,NA1_4056935275
68.0,421.0,236.0,74.0,412,266.0,28.0,711.0,15.0,201,blue,NA1_4059465914
39.0,59.0,69.0,51.0,350,23.0,32.0,238.0,21.0,432,red,NA1_4054074809
86.0,777.0,555.0,21.0,147,48.0,203.0,20.0,202.0,63,red,NA1_4058906519
85.0,163.0,777.0,51.0,16,79.0,32.0,23.0,145.0,117,blue,NA1_4060960055
78.0,59.0,127.0,498.0,43,92.0,104.0,13.0,202.0,16,blue,NA1_4058218622
875.0,5.0,777.0,115.0,350,39.0,238.0,68.0,360.0,111,blue,NA1_4057880885
17.0,106.0,517.0,67.0,117,23.0,876.0,45.0,119.0,147,blue,NA1_4060862341
711.0,9.0,42.0,81.0,267,92.0,59.0,517.0,222.0,412,red,NA1_4052590764
79.0,91.0,157.0,21.0,412,777.0,421.0,82.0,202.0,497,blue,NA1_4050733571
36.0,245.0,85.0,51.0,117,164.0,64.0,62.0,115.0,32,red,NA1_4051430331
56.0,64.0,4.0,16.0,432,6.0,245.0,39.0,222.0,89,blue,NA1_4053713673
6.0,104.0,75.0,37.0,235,126.0,163.0,711.0,81.0,267,blue,NA1_4057419444
17.0,104.0,38.0,202.0,26,266.0,76.0,711.0,21.0,497,blue,NA1_4058651153
240.0,141.0,3.0,236.0,267,164.0,104.0,711.0,81.0,161,blue,NA1_4056634416
114.0,120.0,103.0,119.0,111,104.0,163.0,86.0,145.0,25,blue,NA1_4058872294
92.0,32.0,238.0,145.0,875,68.0,141.0,38.0,21.0,432,blue,NA1_4054674255
777.0,91.0,103.0,119.0,98,23.0,2.0,84.0,37.0,147,red,NA1_4051596017
246.0,20.0,777.0,202.0,37,24.0,76.0,517.0,50.0,89,blue,NA1_4054491381
14.0,876.0,103.0,81.0,350,82.0,64.0,38.0,119.0,12,red,NA1_4056729760
887.0,77.0,238.0,203.0,3,24.0,60.0,61.0,67.0,117,red,NA1_4056798182
887.0,120.0,517.0,18.0,16,875.0,245.0,86.0,202.0,163,blue,NA1_4059028311
59.0,245.0,166.0,67.0,497,23.0,120.0,238.0,711.0,350,blue,NA1_4060329869
876.0,238.0,711.0,21.0,37,107.0,245.0,266.0,119.0,3,blue,NA1_4055401494
236.0,64.0,105.0,51.0,43,360.0,131.0,246.0,145.0,63,blue,NA1_4060760035
236.0,64.0,4.0,15.0,711,23.0,421.0,42.0,81.0,101,red,NA1_4053373598
69.0,104.0,875.0,67.0,711,114.0,234.0,517.0,21.0,89,blue,NA1_4051372112
92.0,59.0,8.0,18.0,497,6.0,60.0,75.0,81.0,412,blue,NA1_4057303337
14.0,246.0,127.0,360.0,201,17.0,59.0,126.0,222.0,32,red,NA1_4052853195
75.0,9.0,777.0,222.0,432,114.0,30.0,23.0,22.0,412,red,NA1_4055507173
875.0,121.0,105.0,51.0,412,50.0,20.0,238.0,67.0,117,blue,NA1_4059284107
164.0,11.0,127.0,96.0,89,6.0,876.0,777.0,21.0,32,red,NA1_4051423046
85.0,104.0,75.0,18.0,32,875.0,64.0,112.0,202.0,154,blue,NA1_4058052000
107.0,163.0,68.0,202.0,3,126.0,28.0,711.0,360.0,26,blue,NA1_4058266586
266.0,60.0,27.0,21.0,26,54.0,246.0,105.0,22.0,412,red,NA1_4057555956
75.0,121.0,711.0,22.0,53,38.0,245.0,23.0,51.0,526,red,NA1_4057934998
78.0,56.0,85.0,81.0,235,164.0,33.0,3.0,21.0,267,blue,NA1_4053228934
92.0,120.0,13.0,18.0,555,42.0,91.0,23.0,21.0,235,red,NA1_4058264152
98.0,234.0,39.0,50.0,412,62.0,245.0,157.0,236.0,267,red,NA1_4054656308
164.0,427.0,112.0,498.0,99,114.0,48.0,34.0,115.0,89,blue,NA1_4058600041
223.0,246.0,101.0,21.0,3,23.0,234.0,711.0,50.0,43,blue,NA1_4052667403
98.0,59.0,90.0,119.0,163,516.0,64.0,50.0,81.0,89,red,NA1_4055788434
126.0,28.0,238.0,360.0,12,266.0,76.0,517.0,21.0,350,red,NA1_4060260514
518.0,2.0,3.0,29.0,53,122.0,11.0,711.0,147.0,497,blue,NA1_4051270152
240.0,421.0,99.0,21.0,79,14.0,203.0,43.0,360.0,12,red,NA1_4050407828
126.0,2.0,85.0,81.0,16,75.0,64.0,711.0,22.0,555,blue,NA1_4061035385
516.0,876.0,43.0,157.0,40,6.0,59.0,42.0,67.0,117,red,NA1_4058508548
41.0,9.0,69.0,21.0,32,518.0,203.0,58.0,222.0,117,blue,NA1_4053515041
14.0,154.0,777.0,51.0,63,36.0,64.0,238.0,67.0,267,red,NA1_4058516407
164.0,59.0,13.0,119.0,89,92.0,91.0,134.0,50.0,555,red,NA1_4056583616
164.0,245.0,7.0,202.0,80,150.0,102.0,777.0,115.0,497,blue,NA1_4058794423
6.0,163.0,80.0,236.0,201,14.0,104.0,101.0,360.0,111,red,NA1_4058851694
23.0,421.0,26.0,51.0,101,266.0,59.0,55.0,74.0,53,red,NA1_4058998341
42.0,59.0,246.0,777.0,37,92.0,163.0,157.0,81.0,235,blue,NA1_4052414188
54.0,104.0,711.0,360.0,63,62.0,245.0,99.0,236.0,412,blue,NA1_4052741415
36.0,59.0,45.0,222.0,37,67.0,48.0,56.0,711.0,350,red,NA1_4058438188
84.0,9.0,58.0,360.0,89,24.0,91.0,7.0,711.0,111,red,NA1_4052786911
68.0,35.0,246.0,202.0,432,106.0,32.0,777.0,523.0,412,blue,NA1_4051111721
23.0,59.0,238.0,67.0,147,266.0,64.0,134.0,81.0,32,red,NA1_4054557276
164.0,77.0,115.0,166.0,111,58.0,30.0,17.0,15.0,235,red,NA1_4057729596
875.0,121.0,147.0,21.0,497,777.0,246.0,13.0,119.0,412,blue,NA1_4055959950
114.0,246.0,711.0,360.0,3,58.0,203.0,555.0,50.0,80,blue,NA1_4056636486
114.0,121.0,131.0,51.0,98,62.0,59.0,246.0,103.0,12,blue,NA1_4057573911
887.0,163.0,23.0,51.0,26,777.0,876.0,166.0,119.0,201,red,NA1_4056783931
6.0,113.0,45.0,21.0,37,82.0,92.0,157.0,99.0,98,red,NA1_4055640051
114.0,427.0,45.0,21.0,63,86.0,2.0,20.0,22.0,412,red,NA1_4058932109
78.0,2.0,34.0,67.0,350,39.0,64.0,61.0,21.0,12,blue,NA1_4057375720
266.0,28.0,3.0,145.0,32,67.0,238.0,84.0,22.0,147,red,NA1_4054146503
164.0,163.0,3.0,21.0,32,266.0,203.0,517.0,498.0,40,blue,NA1_4050511652
887.0,238.0,7.0,119.0,117,107.0,64.0,99.0,498.0,875,red,NA1_4057877564
43.0,777.0,203.0,202.0,26,114.0,245.0,85.0,21.0,53,blue,NA1_4058395469
39.0,2.0,105.0,110.0,37,78.0,64.0,7.0,119.0,25,blue,NA1_4056702256
92.0,113.0,134.0,81.0,32,114.0,203.0,711.0,236.0,37,red,NA1_4051334679
266.0,59.0,68.0,236.0,267,98.0,91.0,518.0,21.0,111,blue,NA1_4052128984
62.0,154.0,43.0,67.0,117,39.0,2.0,134.0,22.0,37,blue,NA1_4055029872
164.0,76.0,777.0,202.0,497,150.0,102.0,127.0,29.0,89,blue,NA1_4050526972
266.0,59.0,3.0,21.0,32,150.0,246.0,103.0,67.0,25,blue,NA1_4054717297
54.0,64.0,84.0,21.0,43,114.0,28.0,266.0,69.0,32,red,NA1_4051173897
98.0,104.0,55.0,15.0,89,875.0,91.0,555.0,21.0,350,red,NA1_4053717957
875.0,163.0,131.0,236.0,111,92.0,245.0,134.0,81.0,412,red,NA1_4058210051
164.0,106.0,115.0,22.0,16,62.0,9.0,23.0,236.0,32,red,NA1_4055812776
240.0,154.0,84.0,145.0,555,164.0,64.0,91.0,236.0,63,red,NA1_4052648267
164.0,76.0,91.0,360.0,111,240.0,77.0,13.0,235.0,16,blue,NA1_4051350857
266.0,104.0,777.0,101.0,432,164.0,5.0,38.0,22.0,267,red,NA1_4058371366
266.0,107.0,4.0,236.0,267,164.0,246.0,711.0,81.0,350,blue,NA1_4052705104
31.0,20.0,203.0,81.0,432,266.0,121.0,105.0,166.0,12,red,NA1_4057993454
777.0,234.0,268.0,22.0,89,114.0,91.0,8.0,145.0,32,red,NA1_4054600757
62.0,30.0,4.0,236.0,37,79.0,141.0,7.0,21.0,432,blue,NA1_4054322978
19.0,91.0,42.0,51.0,555,23.0,2.0,68.0,119.0,43,red,NA1_4058809064
78.0,91.0,134.0,36.0,235,19.0,245.0,104.0,21.0,37,red,NA1_4058997279
17.0,64.0,238.0,145.0,34,6.0,203.0,245.0,360.0,57,red,NA1_4058473892
234.0,154.0,103.0,22.0,37,164.0,64.0,142.0,202.0,12,blue,NA1_4053138308
36.0,107.0,112.0,147.0,43,23.0,246.0,39.0,119.0,32,red,NA1_4050846199
6.0,238.0,42.0,222.0,32,98.0,5.0,7.0,67.0,147,blue,NA1_4052524673
8.0,59.0,238.0,236.0,267,875.0,107.0,4.0,29.0,32,red,NA1_4057984255
126.0,104.0,103.0,45.0,32,64.0,421.0,143.0,67.0,43,blue,NA1_4052682153
24.0,245.0,236.0,21.0,412,875.0,64.0,103.0,147.0,25,red,NA1_4060114069
13.0,5.0,164.0,145.0,267,54.0,107.0,157.0,360.0,111,red,NA1_4052770933
240.0,48.0,711.0,67.0,117,777.0,20.0,96.0,360.0,31,red,NA1_4053323077
27.0,245.0,266.0,21.0,57,39.0,64.0,55.0,429.0,89,red,NA1_4060780636
83.0,91.0,4.0,21.0,43,164.0,76.0,711.0,51.0,16,red,NA1_4052225409
68.0,59.0,55.0,119.0,32,164.0,9.0,80.0,51.0,526,blue,NA1_4058799790
36.0,64.0,7.0,115.0,350,24.0,20.0,142.0,51.0,26,blue,NA1_4057777102
41.0,28.0,80.0,236.0,350,6.0,102.0,875.0,18.0,111,red,NA1_4050416119
150.0,56.0,103.0,21.0,32,266.0,163.0,42.0,236.0,267,red,NA1_4058620993
82.0,5.0,134.0,360.0,32,266.0,203.0,1.0,18.0,37,blue,NA1_4060912524
122.0,141.0,134.0,21.0,117,24.0,19.0,55.0,67.0,57,red,NA1_4057498024
24.0,104.0,711.0,81.0,350,875.0,163.0,99.0,523.0,16,blue,NA1_4060486559
84.0,113.0,24.0,51.0,25,85.0,77.0,104.0,18.0,89,blue,NA1_4051886186
875.0,107.0,103.0,21.0,32,62.0,121.0,7.0,145.0,40,blue,NA1_4061014544
516.0,9.0,134.0,29.0,117,777.0,56.0,254.0,115.0,35,red,NA1_4056000183
74.0,246.0,23.0,498.0,497,34.0,64.0,7.0,15.0,40,red,NA1_4058174655
234.0,28.0,157.0,166.0,432,14.0,30.0,42.0,21.0,526,blue,NA1_4054089079
164.0,2.0,245.0,30.0,432,83.0,20.0,45.0,110.0,412,blue,NA1_4056080505
875.0,245.0,134.0,523.0,412,13.0,246.0,711.0,21.0,32,red,NA1_4052881024
78.0,30.0,23.0,236.0,267,164.0,238.0,245.0,29.0,412,blue,NA1_4053073941
166.0,28.0,18.0,711.0,16,92.0,59.0,85.0,67.0,555,red,NA1_4051348622
54.0,76.0,157.0,67.0,412,98.0,59.0,55.0,236.0,497,red,NA1_4056974970
114.0,121.0,69.0,236.0,111,98.0,141.0,68.0,147.0,37,blue,NA1_4052482823
85.0,203.0,1.0,51.0,432,39.0,141.0,3.0,81.0,26,blue,NA1_4050525140
240.0,246.0,157.0,115.0,412,68.0,2.0,3.0,67.0,32,red,NA1_4050475788
164.0,121.0,55.0,15.0,43,23.0,238.0,497.0,119.0,117,blue,NA1_4060709515
164.0,59.0,131.0,157.0,350,24.0,56.0,69.0,81.0,16,blue,NA1_4060802225
107.0,76.0,7.0,145.0,37,126.0,245.0,4.0,236.0,350,red,NA1_4054337120
150.0,59.0,711.0,21.0,350,62.0,245.0,555.0,222.0,37,blue,NA1_4059428871
246.0,203.0,34.0,45.0,142,17.0,91.0,90.0,236.0,53,red,NA1_4050340806
39.0,76.0,166.0,236.0,117,23.0,245.0,56.0,67.0,497,blue,NA1_4058144497
133.0,91.0,245.0,21.0,412,14.0,104.0,10.0,45.0,80,blue,NA1_4060847318
24.0,121.0,147.0,18.0,201,10.0,246.0,711.0,21.0,111,red,NA1_4055149231
164.0,245.0,238.0,236.0,12,23.0,163.0,142.0,119.0,43,red,NA1_4053855158
240.0,246.0,127.0,21.0,32,777.0,5.0,163.0,67.0,526,blue,NA1_4056844157
875.0,203.0,127.0,119.0,3,86.0,238.0,142.0,18.0,526,blue,NA1_4051343360
39.0,141.0,103.0,29.0,267,31.0,154.0,246.0,22.0,412,red,NA1_4052462224
266.0,234.0,42.0,222.0,350,777.0,104.0,517.0,81.0,43,blue,NA1_4053842334
78.0,56.0,39.0,115.0,267,875.0,876.0,104.0,711.0,111,red,NA1_4058297819
516.0,59.0,711.0,202.0,432,78.0,64.0,161.0,15.0,412,red,NA1_4053029539
266.0,64.0,1.0,236.0,16,85.0,2.0,43.0,222.0,111,red,NA1_4058679431
79.0,245.0,91.0,360.0,89,92.0,64.0,127.0,145.0,555,red,NA1_4050763740
17.0,32.0,166.0,157.0,12,777.0,11.0,711.0,202.0,161,blue,NA1_4054634687
98.0,154.0,147.0,360.0,111,876.0,59.0,777.0,202.0,37,red,NA1_4052784607
58.0,64.0,163.0,22.0,16,98.0,9.0,7.0,67.0,40,red,NA1_4050995274
85.0,91.0,246.0,157.0,63,266.0,64.0,101.0,236.0,89,red,NA1_4050457017
517.0,2.0,875.0,523.0,432,777.0,5.0,13.0,711.0,412,red,NA1_4059049124
10.0,91.0,127.0,18.0,32,62.0,76.0,142.0,360.0,555,blue,NA1_4055721202
74.0,121.0,777.0,360.0,350,38.0,91.0,34.0,145.0,117,blue,NA1_4050418344
80.0,121.0,711.0,81.0,412,27.0,59.0,517.0,202.0,53,blue,NA1_4051313789
92.0,64.0,4.0,523.0,32,164.0,163.0,3.0,51.0,412,blue,NA1_4054609787
266.0,9.0,80.0,523.0,201,85.0,106.0,157.0,236.0,555,red,NA1_4055139710
517.0,421.0,157.0,81.0,350,126.0,64.0,7.0,236.0,267,blue,NA1_4057956084
777.0,238.0,103.0,145.0,57,518.0,91.0,131.0,29.0,16,blue,NA1_4053479358
39.0,59.0,3.0,360.0,44,266.0,104.0,517.0,37.0,98,blue,NA1_4054966190
164.0,28.0,103.0,236.0,147,104.0,11.0,61.0,203.0,412,blue,NA1_4061340050
6.0,59.0,103.0,21.0,37,54.0,141.0,147.0,236.0,497,blue,NA1_4059337059
114.0,245.0,238.0,22.0,43,23.0,28.0,777.0,236.0,267,red,NA1_4058849531
17.0,35.0,142.0,96.0,117,421.0,203.0,711.0,67.0,32,blue,NA1_4053322979
240.0,876.0,62.0,236.0,235,41.0,245.0,7.0,21.0,37,red,NA1_4059488177
31.0,245.0,39.0,21.0,79,223.0,238.0,69.0,81.0,48,red,NA1_4055472728
27.0,59.0,246.0,105.0,25,10.0,104.0,777.0,236.0,711,red,NA1_4051142920
240.0,59.0,55.0,21.0,37,14.0,30.0,555.0,157.0,16,red,NA1_4054797827
6.0,11.0,55.0,523.0,26,92.0,421.0,3.0,147.0,37,blue,NA1_4050451375
82.0,121.0,517.0,51.0,89,875.0,11.0,105.0,22.0,63,blue,NA1_4060629184
157.0,9.0,96.0,21.0,32,17.0,104.0,1.0,81.0,37,blue,NA1_4052957755
58.0,91.0,63.0,18.0,44,86.0,64.0,245.0,202.0,89,red,NA1_4053018942
150.0,876.0,777.0,81.0,63,56.0,20.0,142.0,157.0,555,red,NA1_4051627993
164.0,11.0,43.0,145.0,111,266.0,35.0,238.0,115.0,44,blue,NA1_4058629986
164.0,107.0,99.0,523.0,40,266.0,245.0,246.0,119.0,497,red,NA1_4060262959
98.0,106.0,43.0,18.0,16,104.0,27.0,45.0,21.0,412,red,NA1_4056328865
517.0,120.0,711.0,498.0,32,114.0,234.0,61.0,119.0,12,red,NA1_4059273536
68.0,60.0,23.0,119.0,25,114.0,238.0,3.0,67.0,497,blue,NA1_4053017893
164.0,102.0,105.0,236.0,32,266.0,30.0,238.0,81.0,432,blue,NA1_4055920527
111.0,31.0,38.0,119.0,267,126.0,35.0,55.0,21.0,45,red,NA1_4055349780
107.0,234.0,3.0,67.0,711,223.0,64.0,50.0,81.0,89,red,NA1_4053780206
8.0,104.0,105.0,29.0,350,266.0,131.0,157.0,81.0,117,red,NA1_4055484935
24.0,64.0,74.0,81.0,267,82.0,104.0,157.0,22.0,89,blue,NA1_4050453513
39.0,30.0,777.0,67.0,53,164.0,59.0,136.0,81.0,37,blue,NA1_4050251713
36.0,245.0,23.0,81.0,25,85.0,234.0,55.0,523.0,143,red,NA1_4050431300
266.0,64.0,711.0,119.0,32,27.0,91.0,61.0,29.0,497,blue,NA1_4055928067
166.0,154.0,10.0,202.0,432,39.0,102.0,55.0,21.0,16,red,NA1_4061286419
39.0,9.0,7.0,523.0,555,10.0,104.0,38.0,21.0,412,red,NA1_4055909253
86.0,59.0,14.0,81.0,26,887.0,79.0,39.0,29.0,711,red,NA1_4051375766
41.0,121.0,3.0,22.0,147,23.0,234.0,7.0,202.0,412,red,NA1_4057251759
164.0,27.0,517.0,21.0,37,106.0,245.0,166.0,236.0,201,blue,NA1_4056760994
92.0,59.0,68.0,236.0,350,54.0,121.0,126.0,119.0,267,blue,NA1_4056731997
92.0,421.0,101.0,15.0,161,14.0,76.0,17.0,21.0,497,blue,NA1_4061071852
266.0,121.0,777.0,145.0,350,875.0,68.0,45.0,523.0,147,red,NA1_4056058123
106.0,35.0,4.0,21.0,79,777.0,32.0,55.0,157.0,37,red,NA1_4053050233
164.0,246.0,69.0,236.0,267,107.0,104.0,777.0,74.0,32,red,NA1_4057121070
98.0,9.0,238.0,37.0,235,122.0,154.0,157.0,133.0,26,blue,NA1_4055174262
114.0,59.0,268.0,222.0,40,166.0,203.0,7.0,51.0,117,red,NA1_4058683882
27.0,141.0,266.0,96.0,74,85.0,104.0,147.0,21.0,43,red,NA1_4058207227
82.0,104.0,777.0,166.0,412,875.0,102.0,42.0,18.0,89,red,NA1_4060724641
31.0,35.0,157.0,81.0,80,17.0,203.0,360.0,134.0,267,red,NA1_4052727011
127.0,104.0,55.0,360.0,555,38.0,30.0,875.0,202.0,3,blue,NA1_4055561664
266.0,234.0,62.0,202.0,518,875.0,104.0,711.0,236.0,267,red,NA1_4057882986
875.0,76.0,157.0,119.0,53,80.0,104.0,84.0,29.0,201,red,NA1_4055827479
78.0,120.0,101.0,96.0,267,114.0,60.0,99.0,67.0,117,blue,NA1_4058650263
164.0,64.0,157.0,101.0,412,24.0,5.0,42.0,67.0,497,blue,NA1_4050835066
114.0,35.0,103.0,115.0,16,39.0,5.0,711.0,157.0,432,red,NA1_4058058351
6.0,876.0,246.0,145.0,89,266.0,121.0,203.0,115.0,37,blue,NA1_4051141380
39.0,20.0,99.0,81.0,432,58.0,120.0,711.0,67.0,412,blue,NA1_4050799760
164.0,20.0,42.0,21.0,117,98.0,245.0,127.0,498.0,26,blue,NA1_4051358901
126.0,131.0,23.0,51.0,37,19.0,28.0,166.0,15.0,432,blue,NA1_4059215729
78.0,59.0,20.0,22.0,40,240.0,121.0,122.0,81.0,29,red,NA1_4056259874
68.0,5.0,27.0,81.0,43,266.0,2.0,13.0,145.0,32,blue,NA1_4054413628
92.0,64.0,517.0,22.0,143,39.0,48.0,142.0,236.0,432,red,NA1_4054833804
98.0,56.0,42.0,67.0,89,429.0,121.0,55.0,27.0,432,blue,NA1_4054563311
223.0,28.0,166.0,81.0,43,82.0,121.0,246.0,21.0,40,blue,NA1_4054407939
150.0,234.0,61.0,236.0,16,240.0,102.0,1.0,81.0,350,red,NA1_4051968224
266.0,427.0,38.0,22.0,117,39.0,64.0,517.0,235.0,37,blue,NA1_4054309988
98.0,141.0,157.0,96.0,497,114.0,9.0,777.0,115.0,350,red,NA1_4052075463
164.0,107.0,4.0,119.0,25,23.0,254.0,777.0,115.0,143,red,NA1_4054919571
114.0,104.0,517.0,21.0,32,266.0,121.0,245.0,236.0,267,red,NA1_4061007498
54.0,203.0,55.0,202.0,350,517.0,5.0,69.0,67.0,37,red,NA1_4051600651
48.0,141.0,142.0,523.0,201,104.0,245.0,75.0,51.0,25,blue,NA1_4058024255
24.0,141.0,4.0,236.0,53,711.0,64.0,134.0,523.0,12,blue,NA1_4053409312
240.0,35.0,69.0,134.0,37,27.0,238.0,96.0,21.0,32,blue,NA1_4053476363
114.0,131.0,166.0,67.0,53,150.0,91.0,711.0,18.0,32,red,NA1_4054980040
234.0,64.0,1.0,202.0,32,6.0,427.0,55.0,222.0,53,red,NA1_4060779326
114.0,59.0,20.0,29.0,32,164.0,64.0,68.0,81.0,53,blue,NA1_4057765192
85.0,64.0,157.0,81.0,79,777.0,427.0,711.0,202.0,412,red,NA1_4051824665
39.0,154.0,34.0,81.0,111,875.0,28.0,147.0,235.0,526,red,NA1_4056608428
777.0,141.0,23.0,147.0,89,24.0,30.0,711.0,202.0,412,blue,NA1_4052177397
39.0,107.0,7.0,51.0,25,887.0,234.0,203.0,115.0,526,blue,NA1_4058366115
98.0,421.0,711.0,222.0,555,164.0,121.0,38.0,21.0,16,red,NA1_4058576899
887.0,104.0,92.0,51.0,412,85.0,64.0,238.0,30.0,497,red,NA1_4050514869
78.0,203.0,69.0,145.0,432,122.0,141.0,38.0,21.0,12,red,NA1_4056364157
164.0,5.0,79.0,45.0,32,31.0,141.0,711.0,21.0,43,red,NA1_4052437577
875.0,121.0,7.0,81.0,37,517.0,27.0,157.0,222.0,89,blue,NA1_4058783771
17.0,203.0,7.0,81.0,111,13.0,5.0,85.0,18.0,25,blue,NA1_4053551279
78.0,59.0,777.0,115.0,40,164.0,9.0,34.0,145.0,432,blue,NA1_4056628583
266.0,238.0,85.0,51.0,16,107.0,121.0,105.0,29.0,350,blue,NA1_4050432747
24.0,234.0,103.0,236.0,16,875.0,876.0,711.0,51.0,40,blue,NA1_4054811282
164.0,121.0,20.0,147.0,89,78.0,245.0,517.0,21.0,53,blue,NA1_4055393326
67.0,104.0,38.0,119.0,89,236.0,76.0,62.0,21.0,875,blue,NA1_4055742870
39.0,11.0,13.0,51.0,25,516.0,59.0,41.0,81.0,43,blue,NA1_4058554152
150.0,91.0,157.0,115.0,147,420.0,64.0,517.0,18.0,350,blue,NA1_4054127563
39.0,120.0,84.0,81.0,40,126.0,245.0,91.0,236.0,43,red,NA1_4059603096
887.0,91.0,103.0,711.0,40,24.0,36.0,142.0,67.0,98,blue,NA1_4051851993
39.0,5.0,101.0,236.0,98,164.0,234.0,166.0,711.0,32,blue,NA1_4060210751
164.0,9.0,136.0,51.0,235,8.0,516.0,163.0,523.0,111,blue,NA1_4058013185
107.0,245.0,75.0,202.0,111,67.0,60.0,68.0,236.0,201,red,NA1_4059899371
164.0,64.0,23.0,51.0,412,114.0,5.0,517.0,236.0,267,red,NA1_4058431273
223.0,91.0,13.0,18.0,26,78.0,876.0,39.0,157.0,142,red,NA1_4057178560
69.0,59.0,85.0,81.0,875,68.0,5.0,238.0,22.0,432,red,NA1_4057794448
54.0,5.0,711.0,81.0,53,80.0,59.0,38.0,67.0,40,blue,NA1_4056672925
27.0,44.0,711.0,202.0,412,266.0,163.0,238.0,96.0,350,red,NA1_4060084805
43.0,234.0,112.0,18.0,143,875.0,245.0,96.0,21.0,267,red,NA1_4052856384
266.0,59.0,105.0,21.0,37,164.0,32.0,203.0,429.0,201,blue,NA1_4050743903
6.0,2.0,240.0,115.0,26,516.0,59.0,777.0,21.0,147,blue,NA1_4058747220
58.0,59.0,238.0,143.0,235,234.0,107.0,7.0,498.0,53,red,NA1_4054642353
92.0,876.0,23.0,202.0,412,30.0,121.0,875.0,81.0,235,blue,NA1_4059068486
14.0,876.0,517.0,21.0,555,166.0,59.0,1.0,236.0,89,red,NA1_4055435474
875.0,59.0,7.0,18.0,518,17.0,64.0,236.0,145.0,3,red,NA1_4060350059
86.0,104.0,7.0,360.0,163,98.0,91.0,105.0,236.0,201,blue,NA1_4055040513
98.0,104.0,105.0,115.0,63,14.0,76.0,119.0,51.0,432,blue,NA1_4060664035
62.0,203.0,142.0,236.0,111,266.0,59.0,84.0,21.0,412,blue,NA1_4050384222
516.0,106.0,777.0,236.0,267,150.0,203.0,13.0,51.0,43,blue,NA1_4057142917
266.0,120.0,245.0,236.0,267,62.0,76.0,238.0,145.0,143,blue,NA1_4059427730
17.0,203.0,27.0,429.0,497,107.0,59.0,7.0,498.0,53,red,NA1_4056257394
107.0,104.0,4.0,18.0,25,114.0,76.0,62.0,119.0,111,red,NA1_4055080587
83.0,28.0,101.0,21.0,32,266.0,59.0,711.0,115.0,432,red,NA1_4051446378
48.0,76.0,157.0,119.0,147,164.0,59.0,711.0,18.0,412,blue,NA1_4058918061
39.0,245.0,157.0,523.0,12,41.0,203.0,43.0,115.0,3,blue,NA1_4050499395
114.0,203.0,161.0,16.0,89,516.0,64.0,238.0,523.0,412,red,NA1_4053945113
875.0,104.0,1.0,67.0,16,43.0,59.0,157.0,18.0,497,red,NA1_4056420644
266.0,60.0,112.0,145.0,32,69.0,121.0,777.0,45.0,497,red,NA1_4057544205
114.0,121.0,55.0,51.0,32,266.0,60.0,69.0,202.0,25,blue,NA1_4061231490
234.0,104.0,112.0,202.0,147,240.0,20.0,84.0,21.0,432,red,NA1_4056183691
27.0,59.0,61.0,360.0,40,875.0,131.0,711.0,202.0,89,blue,NA1_4052601088
164.0,59.0,55.0,236.0,53,84.0,876.0,18.0,51.0,111,blue,NA1_4058742081
164.0,5.0,105.0,202.0,143,266.0,203.0,85.0,222.0,432,red,NA1_4058798109
67.0,104.0,517.0,157.0,32,164.0,11.0,105.0,145.0,412,blue,NA1_4060307567
141.0,76.0,711.0,498.0,16,150.0,104.0,8.0,21.0,875,blue,NA1_4053501814
56.0,121.0,777.0,30.0,32,164.0,163.0,126.0,236.0,267,blue,NA1_4061245755
80.0,102.0,238.0,222.0,117,114.0,28.0,7.0,15.0,12,red,NA1_4056567327
223.0,120.0,38.0,51.0,432,122.0,79.0,157.0,21.0,555,blue,NA1_4056529513
164.0,28.0,3.0,523.0,80,875.0,238.0,45.0,115.0,350,blue,NA1_4059267851
85.0,107.0,4.0,51.0,25,164.0,121.0,5.0,21.0,267,blue,NA1_4057901309
74.0,77.0,23.0,18.0,37,59.0,876.0,104.0,236.0,12,blue,NA1_4055756839
127.0,120.0,34.0,360.0,40,777.0,30.0,4.0,119.0,32,blue,NA1_4055862757
223.0,121.0,711.0,81.0,53,17.0,254.0,1.0,202.0,412,blue,NA1_4057258583
27.0,91.0,85.0,21.0,32,86.0,121.0,166.0,67.0,98,red,NA1_4060006111
17.0,102.0,157.0,119.0,235,246.0,104.0,142.0,45.0,350,red,NA1_4058075764
887.0,91.0,3.0,81.0,16,39.0,245.0,62.0,115.0,875,blue,NA1_4054954911
92.0,107.0,39.0,37.0,432,516.0,76.0,34.0,523.0,412,blue,NA1_4059395681
23.0,28.0,75.0,518.0,412,85.0,64.0,711.0,360.0,111,red,NA1_4061284718
48.0,56.0,55.0,145.0,43,23.0,121.0,112.0,236.0,16,red,NA1_4059078451
31.0,44.0,38.0,202.0,32,875.0,64.0,103.0,30.0,412,blue,NA1_4053171845
39.0,79.0,1.0,222.0,147,223.0,131.0,157.0,236.0,201,red,NA1_4053269176
266.0,246.0,134.0,21.0,25,223.0,141.0,142.0,96.0,117,blue,NA1_4051964091
75.0,421.0,61.0,119.0,267,875.0,59.0,101.0,147.0,25,red,NA1_4054466720
39.0,120.0,105.0,711.0,432,85.0,5.0,80.0,51.0,20,red,NA1_4051458923
114.0,121.0,142.0,236.0,117,85.0,64.0,147.0,202.0,53,red,NA1_4060895907
157.0,79.0,518.0,96.0,497,141.0,64.0,711.0,22.0,80,blue,NA1_4051849657
154.0,35.0,20.0,81.0,40,92.0,76.0,238.0,236.0,526,red,NA1_4051595155
266.0,245.0,39.0,22.0,16,98.0,163.0,104.0,235.0,80,blue,NA1_4050411239
875.0,79.0,38.0,51.0,432,164.0,64.0,127.0,21.0,16,blue,NA1_4053162897
17.0,238.0,68.0,18.0,201,48.0,203.0,117.0,81.0,350,blue,NA1_4058910370
516.0,141.0,238.0,30.0,32,85.0,120.0,142.0,523.0,89,red,NA1_4060814594
164.0,59.0,50.0,222.0,432,126.0,102.0,711.0,81.0,57,blue,NA1_4052054528
59.0,104.0,517.0,50.0,111,875.0,203.0,236.0,202.0,201,blue,NA1_4060498046
17.0,64.0,69.0,22.0,12,164.0,91.0,134.0,235.0,37,red,NA1_4059084087
23.0,32.0,85.0,145.0,432,203.0,59.0,7.0,236.0,350,red,NA1_4052786077
875.0,141.0,3.0,360.0,12,164.0,163.0,157.0,202.0,143,blue,NA1_4052597219
92.0,141.0,68.0,81.0,350,79.0,59.0,777.0,202.0,26,red,NA1_4054865035
875.0,421.0,203.0,81.0,32,106.0,121.0,13.0,21.0,147,blue,NA1_4060515284
6.0,113.0,23.0,163.0,3,92.0,234.0,157.0,105.0,43,blue,NA1_4052556453
266.0,60.0,711.0,523.0,89,875.0,28.0,164.0,29.0,43,blue,NA1_4057968423
875.0,28.0,777.0,147.0,555,164.0,121.0,517.0,360.0,526,red,NA1_4056223024
266.0,91.0,55.0,81.0,103,98.0,104.0,711.0,236.0,53,red,NA1_4060073444
126.0,120.0,875.0,360.0,142,266.0,154.0,91.0,157.0,57,red,NA1_4054754263
41.0,104.0,13.0,51.0,497,78.0,60.0,75.0,202.0,875,red,NA1_4056953203
41.0,245.0,34.0,360.0,526,114.0,104.0,112.0,81.0,35,blue,NA1_4051471300
39.0,254.0,34.0,115.0,98,82.0,427.0,777.0,51.0,89,blue,NA1_4057417144
142.0,59.0,31.0,145.0,57,75.0,238.0,103.0,67.0,412,red,NA1_4054826309
76.0,163.0,238.0,360.0,350,58.0,5.0,127.0,51.0,497,red,NA1_4056556094
17.0,245.0,238.0,21.0,89,113.0,64.0,157.0,30.0,43,red,NA1_4056728088
875.0,104.0,7.0,498.0,350,98.0,203.0,711.0,236.0,37,red,NA1_4053686572
17.0,59.0,134.0,21.0,12,80.0,9.0,711.0,202.0,432,blue,NA1_4053411945
82.0,131.0,91.0,119.0,143,62.0,234.0,68.0,81.0,12,red,NA1_4055193840
8.0,64.0,30.0,119.0,50,27.0,107.0,13.0,51.0,37,red,NA1_4059216707
36.0,104.0,711.0,51.0,40,24.0,141.0,517.0,202.0,111,red,NA1_4054424284
164.0,64.0,127.0,429.0,25,887.0,59.0,45.0,21.0,555,blue,NA1_4050398393
266.0,64.0,42.0,21.0,111,98.0,246.0,777.0,119.0,25,blue,NA1_4055156756
84.0,91.0,42.0,51.0,32,57.0,59.0,103.0,119.0,16,red,NA1_4053036040
39.0,141.0,246.0,115.0,25,164.0,121.0,42.0,110.0,32,red,NA1_4054328017
122.0,203.0,3.0,21.0,44,266.0,60.0,777.0,81.0,111,red,NA1_4057672965
164.0,121.0,42.0,202.0,12,711.0,254.0,1.0,51.0,43,red,NA1_4052618169
6.0,5.0,34.0,202.0,432,8.0,234.0,23.0,145.0,53,red,NA1_4057870030
266.0,120.0,711.0,235.0,32,98.0,113.0,777.0,51.0,45,blue,NA1_4055584536
126.0,104.0,42.0,37.0,147,266.0,421.0,23.0,69.0,412,red,NA1_4059449594
266.0,163.0,238.0,67.0,44,234.0,77.0,517.0,360.0,32,blue,NA1_4050549231
875.0,78.0,112.0,29.0,412,92.0,421.0,161.0,222.0,555,red,NA1_4057822693
234.0,245.0,238.0,81.0,497,24.0,104.0,142.0,51.0,43,blue,NA1_4061252775
98.0,238.0,1.0,222.0,117,777.0,9.0,166.0,236.0,555,red,NA1_4055876907
39.0,427.0,268.0,18.0,32,98.0,238.0,103.0,51.0,89,blue,NA1_4056347546
39.0,64.0,68.0,22.0,12,36.0,121.0,69.0,21.0,40,red,NA1_4051423519
41.0,427.0,91.0,711.0,143,164.0,876.0,166.0,21.0,37,red,NA1_4051299770
122.0,60.0,38.0,119.0,412,875.0,876.0,18.0,236.0,89,blue,NA1_4055518012
126.0,104.0,38.0,119.0,37,8.0,121.0,101.0,222.0,412,red,NA1_4054432335
875.0,517.0,711.0,21.0,147,164.0,421.0,26.0,523.0,32,blue,NA1_4054983978
23.0,131.0,105.0,157.0,12,6.0,238.0,246.0,81.0,117,red,NA1_4053364770
114.0,59.0,127.0,238.0,53,113.0,121.0,91.0,67.0,32,blue,NA1_4058359808
17.0,421.0,105.0,15.0,432,10.0,64.0,157.0,21.0,161,red,NA1_4052713685
62.0,141.0,34.0,145.0,117,266.0,245.0,112.0,498.0,497,red,NA1_4050559779
114.0,876.0,103.0,236.0,267,266.0,421.0,163.0,145.0,111,red,NA1_4052796941
122.0,91.0,7.0,81.0,147,86.0,246.0,105.0,157.0,43,red,NA1_4059685029
92.0,64.0,711.0,81.0,37,31.0,246.0,127.0,157.0,555,blue,NA1_4051399887
43.0,9.0,711.0,157.0,163,133.0,245.0,134.0,119.0,25,red,NA1_4055220714
875.0,102.0,246.0,21.0,30,72.0,91.0,55.0,18.0,32,blue,NA1_4050496790
126.0,163.0,23.0,236.0,350,80.0,234.0,54.0,202.0,555,red,NA1_4056077018
58.0,121.0,711.0,119.0,12,164.0,91.0,134.0,115.0,89,blue,NA1_4059293073
84.0,76.0,23.0,81.0,26,54.0,163.0,777.0,711.0,16,red,NA1_4051265552
82.0,28.0,42.0,523.0,117,78.0,238.0,166.0,115.0,3,red,NA1_4061057091
777.0,104.0,13.0,21.0,235,266.0,876.0,166.0,115.0,37,red,NA1_4056352457
6.0,203.0,518.0,236.0,350,107.0,246.0,166.0,21.0,63,red,NA1_4057805064
164.0,9.0,39.0,21.0,201,107.0,76.0,4.0,18.0,412,red,NA1_4052446158
92.0,141.0,42.0,360.0,163,17.0,60.0,62.0,202.0,3,red,NA1_4055397853
126.0,163.0,51.0,26.0,350,114.0,28.0,80.0,202.0,412,red,NA1_4059328653
875.0,76.0,777.0,81.0,101,24.0,5.0,62.0,22.0,37,blue,NA1_4051905176
266.0,64.0,777.0,81.0,143,24.0,5.0,112.0,222.0,37,blue,NA1_4053257237
43.0,163.0,238.0,67.0,350,164.0,91.0,80.0,96.0,98,blue,NA1_4061151239
122.0,60.0,74.0,81.0,37,266.0,5.0,84.0,119.0,111,red,NA1_4055005054
68.0,234.0,555.0,222.0,26,62.0,245.0,166.0,51.0,43,blue,NA1_4055734617
23.0,102.0,55.0,96.0,117,150.0,104.0,38.0,147.0,16,red,NA1_4054831958
82.0,64.0,711.0,21.0,89,24.0,245.0,14.0,51.0,16,blue,NA1_4051904685
98.0,245.0,555.0,236.0,350,82.0,141.0,61.0,222.0,412,blue,NA1_4060936670
164.0,234.0,711.0,21.0,89,150.0,163.0,91.0,18.0,12,red,NA1_4058626677
6.0,104.0,7.0,81.0,40,164.0,238.0,42.0,523.0,555,red,NA1_4053552141
78.0,68.0,517.0,81.0,45,164.0,11.0,3.0,360.0,12,red,NA1_4057276971
69.0,141.0,777.0,15.0,412,92.0,234.0,61.0,360.0,53,blue,NA1_4052229100
98.0,9.0,711.0,81.0,37,39.0,421.0,42.0,202.0,32,red,NA1_4052276119
92.0,104.0,3.0,21.0,412,266.0,11.0,163.0,81.0,40,blue,NA1_4060754039
92.0,246.0,142.0,202.0,12,6.0,79.0,126.0,523.0,16,red,NA1_4053611495
887.0,104.0,268.0,51.0,79,23.0,121.0,115.0,236.0,267,blue,NA1_4060281229
114.0,11.0,147.0,202.0,267,10.0,91.0,711.0,81.0,40,blue,NA1_4060652547
43.0,104.0,3.0,202.0,35,150.0,245.0,157.0,145.0,57,red,NA1_4055932729
82.0,163.0,18.0,145.0,101,54.0,517.0,84.0,236.0,26,red,NA1_4050453049
876.0,427.0,23.0,202.0,497,36.0,59.0,7.0,360.0,32,red,NA1_4053796381
68.0,107.0,3.0,523.0,37,1.0,117.0,166.0,145.0,111,blue,NA1_4054081215
266.0,59.0,99.0,21.0,711,98.0,121.0,4.0,29.0,3,blue,NA1_4052032276
240.0,245.0,18.0,81.0,98,133.0,59.0,711.0,236.0,26,blue,NA1_4059669102
86.0,2.0,127.0,145.0,412,516.0,421.0,134.0,236.0,37,blue,NA1_4055024079
84.0,246.0,777.0,236.0,16,164.0,64.0,7.0,51.0,37,red,NA1_4057476508
266.0,28.0,4.0,21.0,111,6.0,203.0,711.0,81.0,44,red,NA1_4051481589
92.0,203.0,711.0,51.0,432,24.0,91.0,777.0,21.0,25,blue,NA1_4055137044
114.0,203.0,112.0,21.0,497,875.0,91.0,105.0,37.0,63,red,NA1_4060919863
98.0,141.0,4.0,202.0,25,268.0,203.0,711.0,21.0,32,red,NA1_4053910210
875.0,44.0,13.0,67.0,161,82.0,59.0,75.0,21.0,63,blue,NA1_4056847641
24.0,121.0,246.0,81.0,43,17.0,28.0,245.0,236.0,267,blue,NA1_4059567624
67.0,203.0,23.0,119.0,32,875.0,234.0,84.0,202.0,497,blue,NA1_4053953465
54.0,64.0,711.0,67.0,26,23.0,5.0,20.0,21.0,98,blue,NA1_4051382263
6.0,104.0,131.0,30.0,35,875.0,28.0,777.0,202.0,63,red,NA1_4058153144
85.0,91.0,777.0,22.0,267,875.0,28.0,246.0,236.0,201,blue,NA1_4057834110
36.0,238.0,246.0,115.0,526,126.0,113.0,55.0,157.0,32,blue,NA1_4057214743
54.0,104.0,61.0,498.0,267,875.0,59.0,777.0,45.0,40,blue,NA1_4061111993
39.0,60.0,91.0,119.0,412,150.0,9.0,246.0,22.0,16,blue,NA1_4061168511
266.0,203.0,711.0,222.0,147,104.0,64.0,268.0,21.0,432,red,NA1_4054284100
23.0,876.0,62.0,202.0,101,78.0,163.0,777.0,67.0,12,blue,NA1_4053675677
85.0,59.0,157.0,202.0,53,266.0,60.0,115.0,21.0,40,blue,NA1_4057224285
126.0,20.0,45.0,119.0,267,164.0,59.0,13.0,51.0,25,red,NA1_4052389259
58.0,79.0,69.0,202.0,16,114.0,28.0,4.0,222.0,432,blue,NA1_4058299126
17.0,121.0,245.0,21.0,432,58.0,104.0,69.0,157.0,79,blue,NA1_4058679370
23.0,5.0,142.0,523.0,57,17.0,64.0,27.0,222.0,412,blue,NA1_4058043304
62.0,76.0,246.0,429.0,25,86.0,121.0,517.0,236.0,267,red,NA1_4060184083
240.0,59.0,96.0,145.0,32,266.0,203.0,13.0,236.0,201,blue,NA1_4056410112
150.0,91.0,157.0,63.0,101,114.0,154.0,23.0,22.0,235,blue,NA1_4058665756
164.0,245.0,42.0,236.0,142,24.0,104.0,38.0,115.0,432,red,NA1_4059598556
240.0,121.0,85.0,96.0,37,23.0,9.0,20.0,18.0,350,blue,NA1_4050323173
62.0,421.0,142.0,236.0,164,85.0,79.0,157.0,523.0,412,blue,NA1_4051035109
85.0,141.0,238.0,18.0,432,240.0,64.0,112.0,119.0,53,red,NA1_4052348454
266.0,79.0,711.0,30.0,235,126.0,876.0,38.0,523.0,32,red,NA1_4055474060
240.0,163.0,238.0,81.0,350,106.0,30.0,104.0,67.0,37,blue,NA1_4059371975
92.0,91.0,131.0,202.0,143,19.0,427.0,142.0,67.0,63,red,NA1_4058990260
887.0,64.0,517.0,360.0,12,92.0,79.0,80.0,67.0,89,blue,NA1_4058866969
122.0,141.0,121.0,115.0,432,875.0,154.0,777.0,360.0,89,blue,NA1_4052693153
31.0,64.0,134.0,81.0,147,266.0,104.0,142.0,67.0,12,blue,NA1_4058525884
114.0,11.0,127.0,115.0,111,79.0,245.0,166.0,81.0,235,blue,NA1_4061021920
126.0,64.0,1.0,21.0,101,39.0,121.0,142.0,222.0,412,red,NA1_4059973636
86.0,120.0,517.0,21.0,32,114.0,102.0,101.0,523.0,412,red,NA1_4057732602
13.0,5.0,31.0,110.0,89,114.0,245.0,777.0,523.0,201,red,NA1_4050434911
150.0,48.0,517.0,360.0,53,54.0,245.0,777.0,157.0,12,red,NA1_4053006815
42.0,246.0,134.0,81.0,43,27.0,421.0,7.0,51.0,57,red,NA1_4052070061
80.0,421.0,4.0,22.0,147,24.0,64.0,142.0,235.0,53,red,NA1_4052102214
164.0,246.0,84.0,81.0,711,86.0,120.0,517.0,236.0,267,red,NA1_4060226069
74.0,28.0,18.0,21.0,555,80.0,48.0,238.0,81.0,526,red,NA1_4058573170
41.0,20.0,131.0,222.0,267,17.0,245.0,246.0,236.0,16,blue,NA1_4052277109
98.0,131.0,246.0,21.0,16,41.0,245.0,157.0,67.0,350,red,NA1_4057251328
62.0,20.0,157.0,67.0,117,75.0,238.0,711.0,22.0,50,blue,NA1_4053295571
14.0,104.0,3.0,145.0,350,875.0,28.0,238.0,119.0,111,red,NA1_4055656171
58.0,104.0,711.0,360.0,53,266.0,59.0,20.0,110.0,37,red,NA1_4058201288
98.0,131.0,203.0,96.0,711,54.0,876.0,103.0,67.0,201,blue,NA1_4060006429
27.0,203.0,50.0,119.0,412,54.0,876.0,23.0,51.0,555,blue,NA1_4056738959
240.0,163.0,3.0,236.0,32,82.0,2.0,55.0,202.0,37,red,NA1_4056141133
266.0,91.0,105.0,21.0,412,875.0,64.0,69.0,236.0,497,blue,NA1_4056671738
80.0,245.0,84.0,523.0,412,98.0,30.0,157.0,51.0,32,blue,NA1_4055962696
54.0,30.0,91.0,15.0,555,39.0,59.0,157.0,115.0,267,red,NA1_4052790807
27.0,91.0,777.0,81.0,16,23.0,141.0,142.0,37.0,12,red,NA1_4059912928
516.0,876.0,84.0,236.0,117,24.0,64.0,3.0,51.0,161,blue,NA1_4051079850
164.0,234.0,3.0,21.0,32,114.0,91.0,142.0,711.0,89,blue,NA1_4056695175
106.0,5.0,7.0,115.0,40,164.0,64.0,711.0,202.0,43,red,NA1_4055221929
24.0,20.0,777.0,18.0,147,142.0,64.0,238.0,202.0,63,red,NA1_4054701547
164.0,56.0,115.0,81.0,555,104.0,131.0,245.0,22.0,143,red,NA1_4052649288
24.0,48.0,90.0,711.0,143,41.0,59.0,30.0,45.0,16,red,NA1_4051904426
85.0,5.0,54.0,236.0,267,777.0,131.0,246.0,81.0,350,red,NA1_4059080364
122.0,876.0,4.0,22.0,526,24.0,59.0,1.0,15.0,350,blue,NA1_4051096326
17.0,104.0,157.0,51.0,111,517.0,234.0,711.0,145.0,43,blue,NA1_4052889495
92.0,421.0,3.0,222.0,412,98.0,121.0,711.0,202.0,89,blue,NA1_4055145889
106.0,102.0,245.0,81.0,40,23.0,36.0,238.0,51.0,497,blue,NA1_4051348552
875.0,163.0,166.0,119.0,161,164.0,121.0,3.0,81.0,350,blue,NA1_4057196161
266.0,234.0,99.0,498.0,16,240.0,141.0,1.0,236.0,111,red,NA1_4060259486
67.0,64.0,4.0,81.0,16,27.0,120.0,13.0,18.0,711,red,NA1_4058483727
90.0,120.0,6.0,147.0,16,103.0,104.0,38.0,145.0,89,blue,NA1_4058578393
164.0,35.0,126.0,157.0,40,39.0,59.0,55.0,18.0,117,red,NA1_4059072070
58.0,104.0,517.0,523.0,412,39.0,56.0,10.0,119.0,16,red,NA1_4053424334
266.0,141.0,103.0,145.0,111,875.0,5.0,777.0,21.0,497,blue,NA1_4060780777
36.0,56.0,131.0,67.0,267,517.0,64.0,157.0,236.0,26,red,NA1_4060460218
24.0,245.0,166.0,81.0,350,150.0,30.0,777.0,67.0,16,red,NA1_4050743462
23.0,11.0,4.0,18.0,43,223.0,9.0,84.0,222.0,37,red,NA1_4052057776
122.0,2.0,91.0,202.0,432,114.0,9.0,166.0,523.0,57,blue,NA1_4060248814
266.0,60.0,62.0,22.0,32,164.0,245.0,238.0,67.0,16,red,NA1_4050651894
41.0,48.0,711.0,21.0,555,516.0,121.0,245.0,145.0,26,red,NA1_4052030883
875.0,59.0,127.0,157.0,267,238.0,27.0,90.0,145.0,40,blue,NA1_4056732170
126.0,64.0,105.0,21.0,143,254.0,91.0,103.0,115.0,412,blue,NA1_4061164354
164.0,421.0,7.0,523.0,350,887.0,5.0,142.0,166.0,40,red,NA1_4057218695
24.0,163.0,131.0,147.0,235,126.0,203.0,23.0,37.0,26,red,NA1_4050299581
420.0,104.0,13.0,45.0,412,166.0,107.0,777.0,115.0,37,blue,NA1_4059508795
59.0,27.0,4.0,498.0,3,8.0,113.0,517.0,81.0,111,blue,NA1_4055946831
62.0,64.0,1.0,134.0,555,78.0,59.0,42.0,18.0,412,blue,NA1_4050374710
31.0,234.0,7.0,360.0,89,104.0,876.0,39.0,166.0,201,blue,NA1_4060790214
6.0,141.0,147.0,202.0,32,518.0,121.0,157.0,21.0,163,red,NA1_4059356112
516.0,20.0,134.0,119.0,267,92.0,79.0,234.0,21.0,45,blue,NA1_4052975675
39.0,59.0,517.0,202.0,16,92.0,121.0,4.0,22.0,201,red,NA1_4061215693
92.0,120.0,711.0,236.0,432,164.0,154.0,103.0,119.0,37,red,NA1_4060945081
8.0,48.0,875.0,21.0,43,41.0,104.0,3.0,22.0,63,blue,NA1_4056848218
875.0,64.0,134.0,51.0,12,164.0,5.0,55.0,81.0,350,blue,NA1_4052728274
62.0,141.0,1.0,81.0,350,516.0,245.0,238.0,360.0,16,blue,NA1_4061238934
92.0,245.0,711.0,18.0,32,82.0,203.0,157.0,51.0,34,blue,NA1_4056129336
62.0,64.0,27.0,81.0,43,85.0,9.0,238.0,236.0,412,blue,NA1_4059651524
266.0,64.0,105.0,711.0,267,54.0,121.0,7.0,119.0,412,red,NA1_4052831999
240.0,30.0,1.0,50.0,44,62.0,9.0,85.0,236.0,53,red,NA1_4052817732
114.0,20.0,80.0,51.0,26,67.0,78.0,777.0,119.0,111,red,NA1_4055859171
777.0,64.0,115.0,81.0,16,875.0,121.0,555.0,29.0,412,blue,NA1_4054426311
107.0,102.0,112.0,236.0,163,24.0,64.0,127.0,51.0,432,blue,NA1_4055158296
777.0,64.0,127.0,22.0,143,203.0,91.0,163.0,21.0,32,blue,NA1_4056935694
41.0,44.0,7.0,360.0,3,39.0,9.0,105.0,110.0,63,red,NA1_4060395729
85.0,141.0,23.0,202.0,89,266.0,245.0,79.0,81.0,16,red,NA1_4050864339
875.0,68.0,711.0,119.0,111,107.0,245.0,126.0,498.0,412,red,NA1_4053763202
516.0,238.0,245.0,18.0,32,14.0,68.0,875.0,523.0,201,blue,NA1_4054069993
166.0,163.0,1.0,21.0,267,875.0,64.0,131.0,236.0,350,red,NA1_4058668718
10.0,64.0,69.0,67.0,32,78.0,56.0,711.0,51.0,497,red,NA1_4052815960
14.0,876.0,80.0,81.0,350,78.0,246.0,61.0,236.0,32,red,NA1_4053184544
27.0,141.0,3.0,145.0,111,62.0,203.0,99.0,67.0,32,blue,NA1_4055819058
114.0,30.0,39.0,202.0,26,17.0,91.0,7.0,119.0,117,red,NA1_4055235905
126.0,28.0,777.0,21.0,32,164.0,64.0,34.0,18.0,350,blue,NA1_4059261195
39.0,876.0,142.0,81.0,63,17.0,234.0,69.0,236.0,526,red,NA1_4056786563
122.0,427.0,161.0,222.0,412,92.0,238.0,711.0,134.0,111,red,NA1_4053735504
240.0,154.0,268.0,18.0,40,517.0,234.0,103.0,21.0,497,blue,NA1_4056333538
39.0,154.0,517.0,236.0,43,875.0,28.0,85.0,523.0,432,red,NA1_4055111201
62.0,107.0,105.0,96.0,80,54.0,246.0,68.0,81.0,350,blue,NA1_4054286146
164.0,28.0,711.0,523.0,43,266.0,59.0,238.0,74.0,63,blue,NA1_4060822231
114.0,35.0,115.0,236.0,555,24.0,121.0,101.0,67.0,43,red,NA1_4057681828
266.0,91.0,69.0,360.0,526,875.0,104.0,157.0,22.0,432,blue,NA1_4055711647
41.0,234.0,74.0,81.0,98,92.0,121.0,711.0,51.0,25,red,NA1_4056091407
17.0,59.0,105.0,21.0,89,107.0,121.0,24.0,90.0,555,blue,NA1_4053130592
92.0,64.0,157.0,115.0,555,114.0,120.0,202.0,22.0,267,blue,NA1_4051096739
887.0,28.0,777.0,157.0,12,133.0,60.0,234.0,236.0,117,red,NA1_4050979263
875.0,20.0,103.0,236.0,497,6.0,427.0,105.0,145.0,555,red,NA1_4051865133
1.0,59.0,245.0,236.0,32,62.0,68.0,18.0,81.0,267,blue,NA1_4053817891
266.0,203.0,7.0,222.0,63,62.0,76.0,14.0,21.0,57,blue,NA1_4057503812
39.0,64.0,711.0,202.0,12,114.0,203.0,134.0,360.0,412,blue,NA1_4059192592
164.0,245.0,39.0,18.0,350,223.0,234.0,38.0,81.0,267,blue,NA1_4055819350
17.0,163.0,142.0,22.0,32,223.0,203.0,246.0,96.0,350,red,NA1_4055577603
62.0,79.0,236.0,21.0,12,57.0,163.0,777.0,81.0,32,red,NA1_4060037585
516.0,246.0,127.0,81.0,32,54.0,91.0,777.0,523.0,350,blue,NA1_4050539088
39.0,120.0,18.0,22.0,43,875.0,59.0,105.0,498.0,57,red,NA1_4057921927
85.0,234.0,1.0,145.0,53,78.0,245.0,13.0,81.0,25,blue,NA1_4057543293
114.0,32.0,238.0,51.0,350,6.0,104.0,69.0,22.0,3,red,NA1_4055573037
92.0,427.0,266.0,157.0,201,875.0,104.0,105.0,51.0,53,red,NA1_4060647647
84.0,35.0,23.0,523.0,43,98.0,64.0,50.0,21.0,412,blue,NA1_4053575572
23.0,9.0,1.0,21.0,267,68.0,20.0,711.0,81.0,89,blue,NA1_4050646633
164.0,876.0,3.0,203.0,89,85.0,104.0,38.0,29.0,555,blue,NA1_4050319443
266.0,64.0,711.0,145.0,555,517.0,91.0,516.0,21.0,267,blue,NA1_4056072351
107.0,427.0,246.0,202.0,117,39.0,59.0,54.0,523.0,40,red,NA1_4058556564
48.0,91.0,84.0,81.0,101,98.0,28.0,157.0,29.0,350,red,NA1_4055224672
31.0,59.0,3.0,50.0,412,875.0,102.0,85.0,202.0,16,blue,NA1_4051056428
164.0,121.0,112.0,81.0,267,266.0,104.0,245.0,107.0,427,red,NA1_4051435638
875.0,427.0,38.0,21.0,32,10.0,121.0,34.0,202.0,14,blue,NA1_4059571444
164.0,104.0,711.0,81.0,350,266.0,238.0,246.0,115.0,53,red,NA1_4054881143
27.0,91.0,875.0,145.0,16,126.0,5.0,13.0,498.0,40,red,NA1_4053100317
114.0,91.0,266.0,115.0,57,6.0,64.0,127.0,67.0,16,red,NA1_4056229875
79.0,59.0,39.0,18.0,412,17.0,91.0,84.0,67.0,25,blue,NA1_4056635665
36.0,238.0,3.0,145.0,412,133.0,254.0,103.0,67.0,53,blue,NA1_4054073347
62.0,121.0,245.0,18.0,350,157.0,28.0,246.0,222.0,555,blue,NA1_4051195095
98.0,203.0,238.0,81.0,350,82.0,104.0,136.0,523.0,117,blue,NA1_4056693699
98.0,56.0,7.0,119.0,32,164.0,246.0,131.0,67.0,111,red,NA1_4060327413
86.0,28.0,4.0,119.0,111,62.0,141.0,517.0,236.0,267,red,NA1_4061156887
39.0,113.0,85.0,51.0,37,240.0,421.0,7.0,119.0,53,red,NA1_4052459221
114.0,91.0,42.0,67.0,201,517.0,141.0,38.0,523.0,32,blue,NA1_4052864378
92.0,64.0,4.0,523.0,89,240.0,238.0,61.0,30.0,267,red,NA1_4059912655
517.0,104.0,34.0,133.0,37,54.0,59.0,84.0,21.0,111,red,NA1_4054298431
58.0,203.0,45.0,21.0,497,164.0,238.0,245.0,81.0,37,blue,NA1_4055745121
266.0,245.0,166.0,30.0,555,39.0,64.0,55.0,21.0,16,blue,NA1_4053429578
17.0,777.0,55.0,236.0,89,41.0,59.0,517.0,119.0,497,red,NA1_4060913428
92.0,60.0,126.0,711.0,518,6.0,234.0,127.0,37.0,147,blue,NA1_4058033654
43.0,245.0,234.0,119.0,111,126.0,246.0,7.0,147.0,16,red,NA1_4058247981
24.0,245.0,131.0,360.0,3,80.0,28.0,104.0,236.0,350,blue,NA1_4051250875
875.0,76.0,238.0,202.0,37,85.0,59.0,4.0,51.0,412,red,NA1_4058777275
24.0,91.0,112.0,81.0,412,240.0,246.0,268.0,202.0,111,blue,NA1_4051113709
17.0,48.0,518.0,236.0,89,92.0,102.0,127.0,18.0,350,blue,NA1_4052753276
92.0,121.0,517.0,119.0,555,24.0,203.0,131.0,21.0,497,red,NA1_4054831176
266.0,91.0,7.0,145.0,555,62.0,245.0,777.0,202.0,89,blue,NA1_4057167887
164.0,245.0,777.0,236.0,111,84.0,121.0,555.0,81.0,26,blue,NA1_4058593402
82.0,91.0,126.0,81.0,201,166.0,245.0,163.0,236.0,37,red,NA1_4054465576
75.0,154.0,84.0,145.0,350,98.0,30.0,203.0,115.0,555,blue,NA1_4051963354
23.0,79.0,166.0,119.0,40,164.0,120.0,42.0,51.0,432,blue,NA1_4060783488
518.0,5.0,34.0,119.0,555,875.0,141.0,69.0,360.0,12,blue,NA1_4058498324
114.0,44.0,13.0,110.0,111,266.0,245.0,777.0,202.0,16,red,NA1_4057839138
24.0,121.0,13.0,202.0,412,266.0,78.0,203.0,30.0,201,red,NA1_4052116055
134.0,59.0,55.0,203.0,267,117.0,56.0,74.0,523.0,37,red,NA1_4054958919
266.0,59.0,245.0,67.0,350,164.0,32.0,238.0,202.0,63,red,NA1_4053988072
24.0,79.0,105.0,360.0,111,164.0,76.0,157.0,236.0,350,blue,NA1_4051338547
14.0,30.0,157.0,115.0,163,266.0,104.0,3.0,67.0,12,red,NA1_4051064340
36.0,64.0,7.0,236.0,16,114.0,79.0,8.0,81.0,32,blue,NA1_4055865166
240.0,5.0,245.0,236.0,37,39.0,120.0,711.0,18.0,111,blue,NA1_4060556575
24.0,163.0,166.0,523.0,432,114.0,245.0,61.0,81.0,117,blue,NA1_4052738351
59.0,245.0,142.0,21.0,267,10.0,104.0,711.0,147.0,26,red,NA1_4058380330
164.0,876.0,23.0,22.0,32,31.0,203.0,3.0,236.0,267,red,NA1_4054446120
85.0,59.0,23.0,51.0,161,68.0,64.0,777.0,222.0,432,red,NA1_4051977435
777.0,28.0,96.0,81.0,111,23.0,121.0,268.0,202.0,53,blue,NA1_4053985481
14.0,78.0,69.0,202.0,497,266.0,427.0,711.0,67.0,432,red,NA1_4052867015
39.0,120.0,84.0,51.0,37,164.0,9.0,777.0,145.0,16,red,NA1_4057327964
114.0,30.0,238.0,21.0,267,107.0,421.0,7.0,51.0,40,red,NA1_4057721333
24.0,104.0,711.0,81.0,412,39.0,59.0,112.0,119.0,32,red,NA1_4057297634
41.0,163.0,20.0,18.0,89,114.0,120.0,157.0,81.0,37,blue,NA1_4057538253
98.0,64.0,142.0,21.0,32,266.0,20.0,55.0,145.0,350,blue,NA1_4055327647
92.0,64.0,20.0,119.0,89,122.0,238.0,68.0,51.0,40,red,NA1_4052389874
266.0,245.0,142.0,202.0,57,114.0,9.0,105.0,236.0,267,red,NA1_4059109218
164.0,517.0,7.0,145.0,350,114.0,28.0,777.0,67.0,32,blue,NA1_4052842048
164.0,246.0,8.0,222.0,89,875.0,35.0,69.0,236.0,412,blue,NA1_4052124749
48.0,104.0,45.0,51.0,32,223.0,5.0,23.0,498.0,497,red,NA1_4053097092
62.0,131.0,92.0,236.0,267,84.0,120.0,164.0,81.0,101,red,NA1_4057787471
92.0,78.0,105.0,67.0,412,31.0,131.0,238.0,51.0,99,blue,NA1_4054561093
246.0,9.0,80.0,15.0,711,39.0,59.0,7.0,81.0,37,red,NA1_4052495567
82.0,121.0,101.0,29.0,350,17.0,120.0,163.0,81.0,26,blue,NA1_4053661161
19.0,64.0,142.0,18.0,526,164.0,245.0,887.0,51.0,25,blue,NA1_4055907764
126.0,107.0,31.0,202.0,432,10.0,104.0,131.0,119.0,111,red,NA1_4058911443
875.0,254.0,85.0,81.0,111,114.0,246.0,711.0,145.0,3,blue,NA1_4051594603
240.0,35.0,17.0,18.0,154,266.0,5.0,61.0,81.0,45,red,NA1_4057657532
27.0,2.0,517.0,96.0,235,114.0,245.0,104.0,523.0,12,red,NA1_4050479414
234.0,20.0,7.0,81.0,412,164.0,421.0,103.0,51.0,497,red,NA1_4057256722
875.0,2.0,55.0,51.0,101,67.0,203.0,68.0,145.0,267,red,NA1_4053139508
777.0,421.0,517.0,236.0,37,75.0,245.0,78.0,96.0,555,blue,NA1_4053566248
150.0,104.0,112.0,236.0,43,875.0,121.0,101.0,81.0,16,red,NA1_4051396230
150.0,121.0,91.0,30.0,147,777.0,102.0,99.0,236.0,432,red,NA1_4060930703
420.0,120.0,105.0,236.0,32,266.0,131.0,157.0,81.0,111,blue,NA1_4053366964
516.0,141.0,13.0,22.0,45,48.0,2.0,517.0,81.0,412,blue,NA1_4058579273
164.0,20.0,268.0,236.0,267,39.0,246.0,112.0,145.0,111,blue,NA1_4050485997
62.0,876.0,42.0,202.0,43,875.0,141.0,41.0,29.0,101,red,NA1_4056697541
122.0,238.0,711.0,360.0,32,6.0,421.0,517.0,157.0,16,red,NA1_4058957503
164.0,245.0,4.0,18.0,37,266.0,141.0,112.0,236.0,3,blue,NA1_4052945300
79.0,238.0,517.0,498.0,16,27.0,246.0,38.0,119.0,12,blue,NA1_4053176208
92.0,238.0,112.0,81.0,350,107.0,68.0,555.0,157.0,53,blue,NA1_4051443837
42.0,121.0,238.0,360.0,555,92.0,107.0,84.0,236.0,37,red,NA1_4052312279
875.0,141.0,517.0,202.0,79,114.0,234.0,39.0,115.0,497,blue,NA1_4060346015
238.0,876.0,245.0,202.0,161,57.0,141.0,163.0,21.0,53,red,NA1_4053158476
875.0,203.0,236.0,115.0,40,8.0,154.0,3.0,18.0,555,blue,NA1_4055282781
68.0,245.0,157.0,147.0,98,54.0,107.0,777.0,115.0,32,blue,NA1_4056946466
85.0,203.0,517.0,222.0,117,13.0,104.0,711.0,523.0,12,blue,NA1_4052139401
6.0,64.0,7.0,21.0,34,62.0,60.0,75.0,29.0,40,blue,NA1_4057630333
887.0,5.0,134.0,523.0,99,875.0,104.0,38.0,67.0,143,red,NA1_4051586670
17.0,427.0,126.0,222.0,32,54.0,76.0,238.0,523.0,412,blue,NA1_4060454122
41.0,28.0,777.0,81.0,40,154.0,121.0,103.0,360.0,111,red,NA1_4050537462
164.0,121.0,3.0,498.0,350,74.0,238.0,26.0,21.0,111,red,NA1_4050559319
164.0,59.0,54.0,51.0,25,876.0,141.0,91.0,81.0,12,red,NA1_4055388646
85.0,91.0,777.0,30.0,80,164.0,64.0,13.0,523.0,32,blue,NA1_4053196749
10.0,5.0,147.0,15.0,517,39.0,131.0,266.0,236.0,98,blue,NA1_4061208965
98.0,104.0,777.0,45.0,25,266.0,82.0,85.0,236.0,89,blue,NA1_4053367832
107.0,48.0,711.0,50.0,497,164.0,76.0,166.0,145.0,111,blue,NA1_4050738457
92.0,104.0,711.0,21.0,89,42.0,238.0,90.0,51.0,53,blue,NA1_4058287971
75.0,5.0,245.0,202.0,26,92.0,20.0,143.0,119.0,25,red,NA1_4054428888
107.0,141.0,517.0,81.0,37,58.0,120.0,245.0,202.0,147,blue,NA1_4053351212
54.0,203.0,38.0,145.0,12,10.0,421.0,157.0,81.0,32,blue,NA1_4057913685
157.0,121.0,236.0,147.0,25,17.0,104.0,711.0,145.0,44,red,NA1_4057305109
114.0,64.0,69.0,119.0,201,23.0,59.0,134.0,236.0,26,blue,NA1_4054967229
223.0,141.0,711.0,523.0,412,58.0,203.0,105.0,21.0,63,red,NA1_4055385912
24.0,76.0,203.0,523.0,412,32.0,876.0,164.0,236.0,53,red,NA1_4053789697
85.0,246.0,517.0,21.0,89,6.0,120.0,245.0,166.0,350,blue,NA1_4050684185
223.0,28.0,39.0,50.0,12,48.0,141.0,7.0,236.0,267,blue,NA1_4052806967
114.0,427.0,55.0,110.0,25,75.0,64.0,103.0,21.0,412,red,NA1_4057699746
517.0,120.0,166.0,18.0,32,24.0,91.0,13.0,202.0,711,red,NA1_4054441440
58.0,5.0,711.0,202.0,32,74.0,121.0,23.0,30.0,40,blue,NA1_4056768513
164.0,427.0,54.0,21.0,32,82.0,245.0,238.0,147.0,117,blue,NA1_4060618158
164.0,56.0,142.0,145.0,80,98.0,5.0,115.0,235.0,40,red,NA1_4055995032
24.0,876.0,6.0,81.0,555,266.0,104.0,23.0,115.0,432,blue,NA1_4058367067
107.0,234.0,131.0,81.0,37,133.0,154.0,1.0,145.0,111,blue,NA1_4050909139
92.0,104.0,157.0,202.0,161,122.0,234.0,711.0,360.0,63,red,NA1_4058286971
62.0,121.0,777.0,202.0,63,75.0,876.0,8.0,21.0,89,blue,NA1_4050791458
39.0,59.0,61.0,523.0,350,266.0,238.0,38.0,22.0,32,red,NA1_4054081595
107.0,104.0,112.0,202.0,875,266.0,121.0,105.0,81.0,101,red,NA1_4051479468
777.0,28.0,142.0,81.0,497,150.0,9.0,246.0,222.0,53,red,NA1_4056038691
17.0,59.0,7.0,81.0,32,516.0,141.0,517.0,360.0,111,red,NA1_4052652683
39.0,72.0,7.0,202.0,117,266.0,245.0,142.0,119.0,37,blue,NA1_4050378710
62.0,30.0,777.0,202.0,32,875.0,238.0,13.0,147.0,37,red,NA1_4059395588
41.0,107.0,39.0,147.0,497,31.0,203.0,4.0,21.0,32,red,NA1_4055038658
266.0,59.0,96.0,202.0,350,17.0,64.0,7.0,498.0,497,red,NA1_4056583840
54.0,35.0,711.0,202.0,43,78.0,76.0,517.0,119.0,267,red,NA1_4056624658
62.0,9.0,119.0,202.0,111,223.0,131.0,147.0,236.0,267,blue,NA1_4060563537
74.0,104.0,8.0,222.0,350,31.0,245.0,157.0,360.0,32,red,NA1_4058630071
92.0,76.0,91.0,81.0,53,54.0,238.0,84.0,202.0,101,blue,NA1_4055425108
39.0,11.0,22.0,147.0,89,114.0,154.0,711.0,360.0,432,red,NA1_4053952048
78.0,64.0,711.0,51.0,25,23.0,164.0,69.0,29.0,201,red,NA1_4058886885
17.0,246.0,38.0,67.0,267,39.0,64.0,1.0,360.0,526,red,NA1_4053491509
98.0,48.0,711.0,21.0,89,875.0,27.0,14.0,81.0,40,red,NA1_4055640264
223.0,246.0,17.0,119.0,53,777.0,121.0,147.0,29.0,350,blue,NA1_4056073176
67.0,141.0,711.0,236.0,267,266.0,91.0,4.0,22.0,25,blue,NA1_4057967276
266.0,68.0,90.0,202.0,25,85.0,64.0,69.0,222.0,412,blue,NA1_4060138418
164.0,4.0,266.0,236.0,111,12.0,121.0,163.0,67.0,117,red,NA1_4052826950
23.0,107.0,711.0,81.0,350,266.0,28.0,166.0,223.0,235,red,NA1_4057820970
114.0,104.0,3.0,15.0,63,17.0,30.0,7.0,67.0,53,blue,NA1_4055753252
127.0,48.0,103.0,523.0,32,164.0,28.0,20.0,202.0,40,red,NA1_4055883883
27.0,238.0,266.0,69.0,32,166.0,9.0,91.0,360.0,526,red,NA1_4052573411
84.0,56.0,238.0,202.0,412,266.0,64.0,7.0,115.0,111,blue,NA1_4059179810
54.0,203.0,68.0,145.0,267,240.0,64.0,134.0,18.0,111,blue,NA1_4059708000
875.0,121.0,238.0,711.0,350,876.0,104.0,69.0,145.0,555,red,NA1_4056499463
126.0,2.0,517.0,119.0,40,68.0,48.0,246.0,30.0,32,blue,NA1_4057160809
266.0,5.0,245.0,21.0,63,875.0,203.0,61.0,81.0,350,blue,NA1_4059449748